id,label,pid,patient,split
1,0,100360,100360,train
2,0,100360,100360,train
3,0,100360,100360,train
4,0,100360,100360,train
5,0,100360,100360,train
6,0,100572,100572,train
7,0,100572,100572,train
8,0,100572,100572,train
9,0,101016,101016,train
10,0,101016,101016,train
11,0,101016,101016,train
12,0,101016,101016,train
13,0,101016,101016,train
14,0,101016,101016,train
15,0,101016,101016,train
16,0,101127,101127,train
17,0,101127,101127,train
18,0,101127,101127,train
19,0,101127,101127,train
20,0,101797,101797,val
21,0,101797,101797,val
22,0,101797,101797,val
23,0,101797,101797,val
24,0,102420,102420,val
25,0,102420,102420,val
26,0,102446,102446,train
27,0,102675,102675,train
28,0,102714,102714,val
29,0,102714,102714,val
30,0,102714,102714,val
31,0,102714,102714,val
32,0,102929,102929,train
33,0,102929,102929,train
34,0,102935,102935,train
35,0,102985,102985,val
36,0,103673,103673,test
37,0,103673,103673,test
38,0,103673,103673,test
39,0,103673,103673,test
40,0,103673,103673,test
41,0,103673,103673,test
42,0,103925,103925,train
43,0,103925,103925,train
44,0,103925,103925,train
45,0,104167,104167,val
46,0,104167,104167,val
47,0,104167,104167,val
48,0,104167,104167,val
49,0,104281,104281,train
50,0,104281,104281,train
51,0,104281,104281,train
52,0,104281,104281,train
53,0,104281,104281,train
54,0,104281,104281,train
55,0,104281,104281,train
56,0,105374,105374,train
57,0,105374,105374,train
58,0,105555,105555,train
59,2,58392,58392,val
60,0,105937,105937,train
61,0,105937,105937,train
62,0,106284,106284,train
63,0,106284,106284,train
64,0,106284,106284,train
65,0,106284,106284,train
66,0,106284,106284,train
67,0,106442,106442,test
68,0,106442,106442,test
69,0,106442,106442,test
70,0,106442,106442,test
71,0,106534,106534,train
72,0,106534,106534,train
73,0,106665,106665,val
74,0,106665,106665,val
75,0,106665,106665,val
76,0,106665,106665,val
77,0,106665,106665,val
78,0,106665,106665,val
79,0,106665,106665,val
80,0,106720,106720,train
81,0,106720,106720,train
82,0,106720,106720,train
83,0,106720,106720,train
84,0,106720,106720,train
85,0,106720,106720,train
86,0,106720,106720,train
87,0,106914,106914,train
88,0,106914,106914,train
89,0,106914,106914,train
90,0,106914,106914,train
91,0,107190,107190,train
92,0,107190,107190,train
93,0,107248,107248,train
94,0,107248,107248,train
95,0,107248,107248,train
96,0,107248,107248,train
97,0,107248,107248,train
98,0,107248,107248,train
99,0,107494,107494,train
100,0,107494,107494,train
101,0,107494,107494,train
102,0,107494,107494,train
103,0,107494,107494,train
104,0,108514,108514,test
105,0,108514,108514,test
106,0,108514,108514,test
107,0,108514,108514,test
108,0,108514,108514,test
109,0,108514,108514,test
110,0,108514,108514,test
111,0,108550,108550,val
112,0,108550,108550,val
113,0,108590,108590,train
114,0,108590,108590,train
115,0,108945,108945,train
116,0,108945,108945,train
117,0,108945,108945,train
118,0,108945,108945,train
119,0,109411,109411,test
120,0,109968,109968,train
121,0,109968,109968,train
122,0,109968,109968,train
123,0,109968,109968,train
124,0,110116,110116,val
125,0,111077,111077,train
126,0,111077,111077,train
127,0,111077,111077,train
128,0,111366,111366,val
129,0,111366,111366,val
130,0,111366,111366,val
131,0,111366,111366,val
132,0,111532,111532,train
133,0,111532,111532,train
134,0,111532,111532,train
135,0,112002,112002,train
136,0,112002,112002,train
137,0,112002,112002,train
138,0,112002,112002,train
139,0,112062,112062,train
140,0,112062,112062,train
141,0,112062,112062,train
142,0,112252,112252,train
143,0,112252,112252,train
144,0,112552,112552,train
145,0,112552,112552,train
146,0,112552,112552,train
147,0,112552,112552,train
148,0,112552,112552,train
149,0,112552,112552,train
150,0,112552,112552,train
151,0,112648,112648,train
152,0,112648,112648,train
153,0,112648,112648,train
154,0,113435,113435,train
155,0,113435,113435,train
156,0,113435,113435,train
157,0,113435,113435,train
158,0,113435,113435,train
159,0,113435,113435,train
160,0,113554,113554,test
161,0,113554,113554,test
162,0,113554,113554,test
163,0,113805,113805,train
164,0,114018,114018,train
165,0,114018,114018,train
166,0,114018,114018,train
167,0,114018,114018,train
168,0,114018,114018,train
169,0,114359,114359,train
170,0,114359,114359,train
171,0,114359,114359,train
172,0,114359,114359,train
173,0,114359,114359,train
174,0,114359,114359,train
175,0,97607,97607,test
176,0,97607,97607,test
177,0,97607,97607,test
178,0,97607,97607,test
179,0,97607,97607,test
180,0,97737,97737,train
181,0,97737,97737,train
182,0,97737,97737,train
183,0,97737,97737,train
184,0,97875,97875,train
185,0,97875,97875,train
186,0,97875,97875,train
187,0,97943,97943,train
188,0,97943,97943,train
189,0,97943,97943,train
190,0,97943,97943,train
191,0,97943,97943,train
192,0,98241,98241,train
193,0,98241,98241,train
194,0,98241,98241,train
195,0,98241,98241,train
196,0,98241,98241,train
197,0,98241,98241,train
198,0,99017,99017,train
199,0,99017,99017,train
200,0,99089,99089,train
201,0,99089,99089,train
202,0,99089,99089,train
203,0,99288,99288,train
204,0,99308,99308,test
205,0,99308,99308,test
206,0,99308,99308,test
207,0,99308,99308,test
208,0,99308,99308,test
209,1,100820,100820,train
210,1,100820,100820,train
211,0,100360,100360,train
212,0,100360,100360,train
213,0,100360,100360,train
214,0,100360,100360,train
215,0,100360,100360,train
216,0,100360,100360,train
217,0,100360,100360,train
218,0,100572,100572,train
219,0,100572,100572,train
220,0,100572,100572,train
221,0,101016,101016,train
222,0,101016,101016,train
223,0,101016,101016,train
224,0,101016,101016,train
225,0,101016,101016,train
226,0,101016,101016,train
227,0,101127,101127,train
228,0,101127,101127,train
229,0,101127,101127,train
230,0,101127,101127,train
231,0,101797,101797,val
232,0,101797,101797,val
233,0,101797,101797,val
234,0,101797,101797,val
235,0,101797,101797,val
236,0,102420,102420,val
237,0,102420,102420,val
238,0,102420,102420,val
239,0,102446,102446,train
240,0,102675,102675,train
241,0,102675,102675,train
242,0,102714,102714,val
243,0,102714,102714,val
244,0,102714,102714,val
245,0,102714,102714,val
246,0,102929,102929,train
247,0,102929,102929,train
248,0,102929,102929,train
249,0,102929,102929,train
250,0,102929,102929,train
251,0,102929,102929,train
252,0,102935,102935,train
253,0,102985,102985,val
254,0,103673,103673,test
255,0,103673,103673,test
256,0,103673,103673,test
257,0,103673,103673,test
258,0,103673,103673,test
259,0,103673,103673,test
260,0,103673,103673,test
261,0,103925,103925,train
262,0,103925,103925,train
263,0,103925,103925,train
264,0,103925,103925,train
265,0,103925,103925,train
266,0,103925,103925,train
267,0,103925,103925,train
268,0,103925,103925,train
269,0,104167,104167,val
270,0,104167,104167,val
271,0,104167,104167,val
272,0,104167,104167,val
273,0,104167,104167,val
274,0,104167,104167,val
275,0,104281,104281,train
276,0,104281,104281,train
277,0,104281,104281,train
278,0,104281,104281,train
279,0,104281,104281,train
280,0,104281,104281,train
281,0,105374,105374,train
282,0,105374,105374,train
283,0,105555,105555,train
284,0,105555,105555,train
285,0,105555,105555,train
286,0,105937,105937,train
287,0,105937,105937,train
288,0,105937,105937,train
289,0,105937,105937,train
290,0,106284,106284,train
291,0,106284,106284,train
292,0,106284,106284,train
293,0,106284,106284,train
294,0,106442,106442,test
295,0,106442,106442,test
296,0,106442,106442,test
297,0,106534,106534,train
298,0,106534,106534,train
299,0,106665,106665,val
300,0,106665,106665,val
301,0,106665,106665,val
302,0,106665,106665,val
303,0,106665,106665,val
304,0,106720,106720,train
305,0,106720,106720,train
306,0,106720,106720,train
307,0,106720,106720,train
308,0,106720,106720,train
309,0,106720,106720,train
310,0,106720,106720,train
311,0,106914,106914,train
312,0,106914,106914,train
313,0,106914,106914,train
314,0,106914,106914,train
315,0,107190,107190,train
316,0,107248,107248,train
317,0,107248,107248,train
318,0,107248,107248,train
319,0,107248,107248,train
320,0,107494,107494,train
321,0,107494,107494,train
322,0,107494,107494,train
323,0,107494,107494,train
324,0,107494,107494,train
325,0,107494,107494,train
326,0,108514,108514,test
327,0,108514,108514,test
328,0,108514,108514,test
329,0,108514,108514,test
330,0,108514,108514,test
331,0,108514,108514,test
332,0,108550,108550,val
333,0,108550,108550,val
334,0,108590,108590,train
335,0,108590,108590,train
336,0,108945,108945,train
337,0,108945,108945,train
338,0,108945,108945,train
339,0,108945,108945,train
340,0,109411,109411,test
341,0,109968,109968,train
342,0,109968,109968,train
343,0,109968,109968,train
344,0,109968,109968,train
345,0,110116,110116,val
346,0,110116,110116,val
347,0,110116,110116,val
348,0,110116,110116,val
349,0,111077,111077,train
350,0,111077,111077,train
351,0,111077,111077,train
352,0,111077,111077,train
353,0,111366,111366,val
354,0,111366,111366,val
355,0,111366,111366,val
356,0,111366,111366,val
357,0,111532,111532,train
358,0,111532,111532,train
359,0,111532,111532,train
360,0,111532,111532,train
361,0,111532,111532,train
362,0,112002,112002,train
363,0,112002,112002,train
364,0,112002,112002,train
365,0,112002,112002,train
366,0,112062,112062,train
367,0,112062,112062,train
368,0,112062,112062,train
369,0,112062,112062,train
370,0,112252,112252,train
371,0,112252,112252,train
372,0,112552,112552,train
373,0,112552,112552,train
374,0,112552,112552,train
375,0,112552,112552,train
376,0,112552,112552,train
377,0,112552,112552,train
378,0,112552,112552,train
379,0,112648,112648,train
380,0,112648,112648,train
381,0,112648,112648,train
382,0,113435,113435,train
383,0,113435,113435,train
384,0,113435,113435,train
385,0,113435,113435,train
386,0,113435,113435,train
387,0,113435,113435,train
388,0,113435,113435,train
389,0,113435,113435,train
390,0,113554,113554,test
391,0,113554,113554,test
392,0,113554,113554,test
393,0,113805,113805,train
394,0,113805,113805,train
395,0,114018,114018,train
396,0,114018,114018,train
397,0,114018,114018,train
398,0,114018,114018,train
399,0,114359,114359,train
400,0,114359,114359,train
401,0,114359,114359,train
402,0,114359,114359,train
403,0,114359,114359,train
404,0,114359,114359,train
405,0,97607,97607,test
406,0,97607,97607,test
407,0,97607,97607,test
408,0,97737,97737,train
409,0,97737,97737,train
410,0,97737,97737,train
411,0,97737,97737,train
412,0,97737,97737,train
413,0,97737,97737,train
414,0,97875,97875,train
415,0,97875,97875,train
416,0,97875,97875,train
417,0,97875,97875,train
418,0,97943,97943,train
419,0,97943,97943,train
420,0,97943,97943,train
421,0,97943,97943,train
422,0,97943,97943,train
423,0,98241,98241,train
424,0,98241,98241,train
425,0,98241,98241,train
426,0,98241,98241,train
427,0,98241,98241,train
428,0,98241,98241,train
429,0,98241,98241,train
430,0,99017,99017,train
431,0,99017,99017,train
432,0,99089,99089,train
433,0,99089,99089,train
434,0,99089,99089,train
435,0,99089,99089,train
436,0,99089,99089,train
437,0,99288,99288,train
438,0,99308,99308,test
439,0,99308,99308,test
440,0,99308,99308,test
441,0,99308,99308,test
442,0,100360,100360,train
443,0,100360,100360,train
444,0,100360,100360,train
445,0,100360,100360,train
446,0,100360,100360,train
447,0,100360,100360,train
448,0,100572,100572,train
449,0,100572,100572,train
450,0,100639,100639,train
451,0,100639,100639,train
452,0,100920,100920,train
453,0,100920,100920,train
454,0,100920,100920,train
455,0,101016,101016,train
456,0,101016,101016,train
457,0,101016,101016,train
458,0,101016,101016,train
459,0,101082,101082,train
460,0,101082,101082,train
461,0,101127,101127,train
462,0,101127,101127,train
463,0,101127,101127,train
464,0,101127,101127,train
465,0,101797,101797,val
466,0,101797,101797,val
467,0,101797,101797,val
468,0,101797,101797,val
469,0,101797,101797,val
470,0,101797,101797,val
471,0,101801,101801,train
472,0,101801,101801,train
473,0,101801,101801,train
474,0,102420,102420,val
475,0,102420,102420,val
476,0,102446,102446,train
477,0,102446,102446,train
478,0,102675,102675,train
479,0,102675,102675,train
480,0,102714,102714,val
481,0,102714,102714,val
482,0,102714,102714,val
483,0,102714,102714,val
484,0,102714,102714,val
485,0,102818,102818,test
486,0,102818,102818,test
487,0,102818,102818,test
488,0,102818,102818,test
489,0,102935,102935,train
490,0,102960,102960,train
491,0,102960,102960,train
492,0,102960,102960,train
493,0,102960,102960,train
494,0,102960,102960,train
495,0,102985,102985,val
496,0,103673,103673,test
497,0,103673,103673,test
498,0,103673,103673,test
499,0,103673,103673,test
500,0,103673,103673,test
501,0,103925,103925,train
502,0,103925,103925,train
503,0,103925,103925,train
504,0,103925,103925,train
505,0,104167,104167,val
506,0,104167,104167,val
507,0,104167,104167,val
508,0,104167,104167,val
509,0,104167,104167,val
510,0,104281,104281,train
511,0,104281,104281,train
512,0,104281,104281,train
513,0,104281,104281,train
514,0,104695,104695,train
515,0,104695,104695,train
516,0,104695,104695,train
517,0,105374,105374,train
518,0,105555,105555,train
519,0,105555,105555,train
520,0,105937,105937,train
521,0,105937,105937,train
522,0,105937,105937,train
523,0,106284,106284,train
524,0,106284,106284,train
525,0,106284,106284,train
526,0,106284,106284,train
527,0,106442,106442,test
528,0,106442,106442,test
529,0,106442,106442,test
530,0,106534,106534,train
531,0,106534,106534,train
532,0,106592,106592,train
533,0,106665,106665,val
534,0,106665,106665,val
535,0,106665,106665,val
536,0,106665,106665,val
537,0,106665,106665,val
538,0,106665,106665,val
539,0,106665,106665,val
540,0,106720,106720,train
541,0,106720,106720,train
542,0,106720,106720,train
543,0,106914,106914,train
544,0,106914,106914,train
545,0,106914,106914,train
546,0,106914,106914,train
547,0,106914,106914,train
548,0,106914,106914,train
549,0,106914,106914,train
550,0,107190,107190,train
551,0,107248,107248,train
552,0,107248,107248,train
553,0,107248,107248,train
554,0,107248,107248,train
555,0,107248,107248,train
556,0,107494,107494,train
557,0,107494,107494,train
558,0,107494,107494,train
559,0,107494,107494,train
560,0,107946,107946,val
561,0,107946,107946,val
562,0,107946,107946,val
563,0,107946,107946,val
564,0,108514,108514,test
565,0,108514,108514,test
566,0,108514,108514,test
567,0,108514,108514,test
568,0,108514,108514,test
569,0,108550,108550,val
570,0,108550,108550,val
571,0,108590,108590,train
572,0,108590,108590,train
573,0,108945,108945,train
574,0,108945,108945,train
575,0,108945,108945,train
576,0,108945,108945,train
577,0,109350,109350,train
578,0,109350,109350,train
579,0,109411,109411,test
580,0,109968,109968,train
581,0,109968,109968,train
582,0,109968,109968,train
583,0,109968,109968,train
584,0,110808,110808,train
585,0,110808,110808,train
586,0,111077,111077,train
587,0,111077,111077,train
588,0,111077,111077,train
589,0,111366,111366,val
590,0,111366,111366,val
591,0,111366,111366,val
592,0,111366,111366,val
593,0,111532,111532,train
594,0,111532,111532,train
595,0,111532,111532,train
596,0,111696,111696,train
597,0,111710,111710,test
598,0,111710,111710,test
599,0,112002,112002,train
600,0,112002,112002,train
601,0,112002,112002,train
602,0,112002,112002,train
603,0,112062,112062,train
604,0,112062,112062,train
605,0,112062,112062,train
606,0,112252,112252,train
607,0,112252,112252,train
608,0,112552,112552,train
609,0,112552,112552,train
610,0,112552,112552,train
611,0,112552,112552,train
612,0,112552,112552,train
613,0,112552,112552,train
614,0,112552,112552,train
615,0,112648,112648,train
616,0,112648,112648,train
617,0,112648,112648,train
618,0,112648,112648,train
619,0,112650,112650,train
620,0,112650,112650,train
621,0,113098,113098,test
622,0,113098,113098,test
623,0,113098,113098,test
624,0,113098,113098,test
625,0,113435,113435,train
626,0,113435,113435,train
627,0,113435,113435,train
628,0,113435,113435,train
629,0,113435,113435,train
630,0,113435,113435,train
631,0,113554,113554,test
632,0,113554,113554,test
633,0,113554,113554,test
634,0,113554,113554,test
635,0,113614,113614,train
636,0,113614,113614,train
637,0,113614,113614,train
638,0,113614,113614,train
639,0,113805,113805,train
640,0,113971,113971,val
641,0,113971,113971,val
642,0,114018,114018,train
643,0,114018,114018,train
644,0,114018,114018,train
645,0,114018,114018,train
646,0,114018,114018,train
647,0,114018,114018,train
648,0,114359,114359,train
649,0,114359,114359,train
650,0,114359,114359,train
651,0,114359,114359,train
652,0,114359,114359,train
653,0,114359,114359,train
654,0,114359,114359,train
655,0,114417,114417,train
656,0,114417,114417,train
657,0,114417,114417,train
658,0,114417,114417,train
659,0,97374,97374,test
660,0,97374,97374,test
661,0,97374,97374,test
662,0,97374,97374,test
663,0,97374,97374,test
664,0,97607,97607,test
665,0,97607,97607,test
666,0,97607,97607,test
667,0,97607,97607,test
668,0,97737,97737,train
669,0,97737,97737,train
670,0,97737,97737,train
671,0,97737,97737,train
672,0,97737,97737,train
673,0,97793,97793,train
674,0,97875,97875,train
675,0,97943,97943,train
676,0,97943,97943,train
677,0,97943,97943,train
678,0,97943,97943,train
679,0,97943,97943,train
680,0,98241,98241,train
681,0,98241,98241,train
682,0,98241,98241,train
683,0,98241,98241,train
684,0,98241,98241,train
685,0,98241,98241,train
686,0,99017,99017,train
687,0,99017,99017,train
688,0,99089,99089,train
689,0,99089,99089,train
690,0,99089,99089,train
691,0,99089,99089,train
692,0,99089,99089,train
693,0,99162,99162,train
694,0,99162,99162,train
695,0,99162,99162,train
696,0,99288,99288,train
697,0,99308,99308,test
698,0,99308,99308,test
699,0,99308,99308,test
700,0,99308,99308,test
701,0,99308,99308,test
702,0,99308,99308,test
703,0,99815,99815,train
704,0,99815,99815,train
705,0,99815,99815,train
706,0,99815,99815,train
707,0,99815,99815,train
708,0,99815,99815,train
709,2,105936,105936,test
710,2,105936,105936,test
711,2,105936,105936,test
712,2,106062,106062,train
713,2,106062,106062,train
714,2,106062,106062,train
715,1,100820,100820,train
716,1,100820,100820,train
717,1,100820,100820,train
718,1,101020,101020,train
719,1,101020,101020,train
720,1,101020,101020,train
721,1,101020,101020,train
722,1,102075,102075,val
723,1,102075,102075,val
724,1,102075,102075,val
725,1,103148,103148,train
726,1,103148,103148,train
727,1,103148,103148,train
728,1,103148,103148,train
729,1,106494,106494,train
730,1,106494,106494,train
731,1,106494,106494,train
732,1,106494,106494,train
733,1,106494,106494,train
734,1,106494,106494,train
735,1,107747,107747,train
736,1,107747,107747,train
737,1,107747,107747,train
738,1,107747,107747,train
739,1,107747,107747,train
740,1,112105,112105,val
741,1,112105,112105,val
742,1,112105,112105,val
743,1,112105,112105,val
744,1,112105,112105,val
745,1,112105,112105,val
746,1,112105,112105,val
747,1,100820,100820,train
748,1,100820,100820,train
749,1,100820,100820,train
750,1,100820,100820,train
751,1,100820,100820,train
752,1,100820,100820,train
753,1,101020,101020,train
754,1,101020,101020,train
755,1,101020,101020,train
756,1,101020,101020,train
757,1,101020,101020,train
758,1,101020,101020,train
759,1,101020,101020,train
760,1,101020,101020,train
761,1,102075,102075,val
762,1,102075,102075,val
763,1,102075,102075,val
764,1,103148,103148,train
765,1,103148,103148,train
766,1,103148,103148,train
767,1,103148,103148,train
768,1,106494,106494,train
769,1,106494,106494,train
770,1,106494,106494,train
771,1,106494,106494,train
772,1,106494,106494,train
773,1,107747,107747,train
774,1,107747,107747,train
775,1,107747,107747,train
776,1,107747,107747,train
777,1,107747,107747,train
778,1,107747,107747,train
779,1,112027,112027,train
780,1,112027,112027,train
781,1,112105,112105,val
782,1,112105,112105,val
783,1,112105,112105,val
784,1,112105,112105,val
785,1,112105,112105,val
786,1,112105,112105,val
787,1,112105,112105,val
788,1,112105,112105,val
789,1,112105,112105,val
790,1,112105,112105,val
791,1,112105,112105,val
792,1,88670,88670,train
793,1,88670,88670,train
794,1,88670,88670,train
795,1,88670,88670,train
796,1,88670,88670,train
797,1,88670,88670,train
798,1,88670,88670,train
799,1,90284,90284,train
800,1,90284,90284,train
801,1,90284,90284,train
802,1,90284,90284,train
803,1,90284,90284,train
804,1,90284,90284,train
805,1,90284,90284,train
806,1,90284,90284,train
807,1,92897,92897,test
808,1,92897,92897,test
809,1,93825,93825,train
810,1,93825,93825,train
811,1,93825,93825,train
812,1,97609,97609,train
813,1,97609,97609,train
814,1,97609,97609,train
815,1,97609,97609,train
816,1,97609,97609,train
817,1,97609,97609,train
818,1,100416,100416,val
819,1,100416,100416,val
820,1,100416,100416,val
821,1,100416,100416,val
822,1,100820,100820,train
823,1,100820,100820,train
824,1,100820,100820,train
825,1,100820,100820,train
826,1,100820,100820,train
827,1,100820,100820,train
828,1,101020,101020,train
829,1,101020,101020,train
830,1,101020,101020,train
831,1,101020,101020,train
832,1,101020,101020,train
833,1,101020,101020,train
834,1,101384,101384,train
835,1,101384,101384,train
836,1,101384,101384,train
837,1,102075,102075,val
838,1,102075,102075,val
839,1,102075,102075,val
840,1,103148,103148,train
841,1,103148,103148,train
842,1,103148,103148,train
843,1,103148,103148,train
844,1,105653,105653,train
845,1,105653,105653,train
846,1,106494,106494,train
847,1,106494,106494,train
848,1,106494,106494,train
849,1,106494,106494,train
850,1,106494,106494,train
851,1,106494,106494,train
852,1,106494,106494,train
853,1,107747,107747,train
854,1,107747,107747,train
855,1,107747,107747,train
856,1,107747,107747,train
857,1,108479,108479,test
858,1,108479,108479,test
859,1,112105,112105,val
860,1,112105,112105,val
861,1,112105,112105,val
862,1,112105,112105,val
863,1,112105,112105,val
864,1,112105,112105,val
865,1,88670,88670,train
866,1,88670,88670,train
867,1,88670,88670,train
868,1,88670,88670,train
869,1,88670,88670,train
870,1,90284,90284,train
871,1,90284,90284,train
872,1,90284,90284,train
873,1,90284,90284,train
874,1,90284,90284,train
875,1,90284,90284,train
876,1,90284,90284,train
877,1,90284,90284,train
878,1,90284,90284,train
879,1,90284,90284,train
880,1,90284,90284,train
881,1,92897,92897,test
882,1,92897,92897,test
883,1,93329,93329,train
884,1,93329,93329,train
885,1,93329,93329,train
886,1,93329,93329,train
887,1,93329,93329,train
888,1,93825,93825,train
889,1,93825,93825,train
890,1,93825,93825,train
891,1,93825,93825,train
892,1,94731,94731,train
893,1,94731,94731,train
894,1,94731,94731,train
895,1,95142,95142,test
896,1,95142,95142,test
897,1,95142,95142,test
898,1,95142,95142,test
899,1,95142,95142,test
900,1,95142,95142,test
901,1,95142,95142,test
902,1,95142,95142,test
903,1,95142,95142,test
904,1,96587,96587,train
905,1,96587,96587,train
906,1,96587,96587,train
907,1,96587,96587,train
908,1,97609,97609,train
909,1,97609,97609,train
910,1,97609,97609,train
911,1,97609,97609,train
912,1,98889,98889,test
913,1,98889,98889,test
914,1,98889,98889,test
915,1,98889,98889,test
916,1,98889,98889,test
917,1,98889,98889,test
918,2,105936,105936,test
919,2,105936,105936,test
920,2,105936,105936,test
921,2,105936,105936,test
922,2,106062,106062,train
923,2,106062,106062,train
924,2,106062,106062,train
925,2,106062,106062,train
926,2,107495,107495,val
927,2,107495,107495,val
928,2,107495,107495,val
929,2,107495,107495,val
930,2,107495,107495,val
931,2,107495,107495,val
932,2,107495,107495,val
933,2,107429,107429,train
934,2,107429,107429,train
935,2,107429,107429,train
936,2,107429,107429,train
937,2,107429,107429,train
938,2,107429,107429,train
939,2,107505,107505,test
940,2,107505,107505,test
941,2,107505,107505,test
942,2,107505,107505,test
943,2,107505,107505,test
944,2,107505,107505,test
945,2,107505,107505,test
946,2,107743,107743,val
947,2,107743,107743,val
948,2,107743,107743,val
949,2,107743,107743,val
950,2,108858,108858,test
951,2,108858,108858,test
952,2,108858,108858,test
953,2,108858,108858,test
954,2,108858,108858,test
955,2,108931,108931,val
956,2,108931,108931,val
957,2,108931,108931,val
958,2,109471,109471,train
959,2,109471,109471,train
960,2,109471,109471,train
961,2,109471,109471,train
962,2,109769,109769,train
963,2,109769,109769,train
964,2,109769,109769,train
965,2,109769,109769,train
966,2,109898,109898,train
967,2,109898,109898,train
968,2,109898,109898,train
969,2,109898,109898,train
970,2,109898,109898,train
971,2,109898,109898,train
972,2,110518,110518,train
973,2,110518,110518,train
974,2,110537,110537,test
975,2,110537,110537,test
976,2,110993,110993,train
977,2,110993,110993,train
978,2,110993,110993,train
979,2,110993,110993,train
980,2,111075,111075,train
981,2,111075,111075,train
982,2,111075,111075,train
983,2,111075,111075,train
984,2,111075,111075,train
985,2,111075,111075,train
986,2,111125,111125,train
987,2,111125,111125,train
988,2,111125,111125,train
989,2,111125,111125,train
990,2,111785,111785,train
991,2,111785,111785,train
992,2,111785,111785,train
993,2,111785,111785,train
994,2,112074,112074,val
995,2,112074,112074,val
996,2,112074,112074,val
997,2,112074,112074,val
998,2,112649,112649,train
999,2,112649,112649,train
1000,2,112649,112649,train
1001,2,112649,112649,train
1002,2,112649,112649,train
1003,2,112746,112746,test
1004,2,112746,112746,test
1005,2,112746,112746,test
1006,2,112847,112847,train
1007,2,112847,112847,train
1008,2,112847,112847,train
1009,2,112847,112847,train
1010,2,113274,113274,val
1011,2,113274,113274,val
1012,2,113274,113274,val
1013,2,113741,113741,train
1014,2,113741,113741,train
1015,2,114040,114040,train
1016,2,114040,114040,train
1017,2,114040,114040,train
1018,2,114361,114361,train
1019,2,114361,114361,train
1020,2,114361,114361,train
1021,2,114094,114094,val
1022,2,114094,114094,val
1023,2,114094,114094,val
1024,2,114094,114094,val
1025,2,101017,101017,train
1026,2,101017,101017,train
1027,2,101017,101017,train
1028,2,101017,101017,train
1029,2,101017,101017,train
1030,2,101029,101029,val
1031,2,101029,101029,val
1032,2,101029,101029,val
1033,2,101029,101029,val
1034,2,105936,105936,test
1035,2,106062,106062,train
1036,2,106062,106062,train
1037,2,106062,106062,train
1038,2,106062,106062,train
1039,2,106062,106062,train
1040,2,106062,106062,train
1041,2,106062,106062,train
1042,2,107495,107495,val
1043,2,107495,107495,val
1044,2,107495,107495,val
1045,2,107495,107495,val
1046,2,107495,107495,val
1047,2,107429,107429,train
1048,2,107429,107429,train
1049,2,107429,107429,train
1050,2,107429,107429,train
1051,2,107429,107429,train
1052,2,107429,107429,train
1053,2,107429,107429,train
1054,2,107505,107505,test
1055,2,107505,107505,test
1056,2,107505,107505,test
1057,2,107505,107505,test
1058,2,107505,107505,test
1059,2,107743,107743,val
1060,2,107743,107743,val
1061,2,107743,107743,val
1062,2,107743,107743,val
1063,2,107743,107743,val
1064,2,107743,107743,val
1065,2,108858,108858,test
1066,2,108858,108858,test
1067,2,108858,108858,test
1068,2,108858,108858,test
1069,2,108858,108858,test
1070,2,108931,108931,val
1071,2,108931,108931,val
1072,2,108931,108931,val
1073,2,108931,108931,val
1074,2,108931,108931,val
1075,2,108931,108931,val
1076,2,108931,108931,val
1077,2,109471,109471,train
1078,2,109471,109471,train
1079,2,109471,109471,train
1080,2,109471,109471,train
1081,2,109471,109471,train
1082,2,109471,109471,train
1083,2,109769,109769,train
1084,2,109769,109769,train
1085,2,109769,109769,train
1086,2,109769,109769,train
1087,2,109769,109769,train
1088,2,109898,109898,train
1089,2,109898,109898,train
1090,2,109898,109898,train
1091,2,109898,109898,train
1092,2,109898,109898,train
1093,2,109898,109898,train
1094,2,110518,110518,train
1095,2,110518,110518,train
1096,2,110518,110518,train
1097,2,110518,110518,train
1098,2,110518,110518,train
1099,2,110518,110518,train
1100,2,110537,110537,test
1101,2,110537,110537,test
1102,2,110537,110537,test
1103,2,110537,110537,test
1104,2,110537,110537,test
1105,2,110537,110537,test
1106,2,110537,110537,test
1107,2,110993,110993,train
1108,2,110993,110993,train
1109,2,110993,110993,train
1110,2,110993,110993,train
1111,2,110993,110993,train
1112,2,111075,111075,train
1113,2,111075,111075,train
1114,2,111075,111075,train
1115,2,111075,111075,train
1116,2,111075,111075,train
1117,2,111075,111075,train
1118,2,111125,111125,train
1119,2,111125,111125,train
1120,2,111125,111125,train
1121,2,111125,111125,train
1122,2,111125,111125,train
1123,2,111125,111125,train
1124,2,111785,111785,train
1125,2,111785,111785,train
1126,2,111785,111785,train
1127,2,111785,111785,train
1128,2,111785,111785,train
1129,2,112074,112074,val
1130,2,112074,112074,val
1131,2,112074,112074,val
1132,2,112074,112074,val
1133,2,112074,112074,val
1134,2,112649,112649,train
1135,2,112649,112649,train
1136,2,112649,112649,train
1137,2,112649,112649,train
1138,2,112649,112649,train
1139,2,112649,112649,train
1140,2,112746,112746,test
1141,2,112746,112746,test
1142,2,112746,112746,test
1143,2,112746,112746,test
1144,2,112847,112847,train
1145,2,112847,112847,train
1146,2,112847,112847,train
1147,2,112847,112847,train
1148,2,113274,113274,val
1149,2,113274,113274,val
1150,2,113274,113274,val
1151,2,113741,113741,train
1152,2,113741,113741,train
1153,2,113741,113741,train
1154,2,114040,114040,train
1155,2,114040,114040,train
1156,2,114040,114040,train
1157,2,114361,114361,train
1158,2,114361,114361,train
1159,2,114361,114361,train
1160,2,114361,114361,train
1161,2,114094,114094,val
1162,2,114094,114094,val
1163,2,114094,114094,val
1164,2,114094,114094,val
1165,2,114094,114094,val
1166,2,105936,105936,test
1167,2,105936,105936,test
1168,2,105936,105936,test
1169,2,106062,106062,train
1170,2,106062,106062,train
1171,2,106062,106062,train
1172,2,106062,106062,train
1173,2,106062,106062,train
1174,2,106062,106062,train
1175,2,106062,106062,train
1176,2,107495,107495,val
1177,2,107495,107495,val
1178,2,107495,107495,val
1179,2,107495,107495,val
1180,2,107495,107495,val
1181,2,107495,107495,val
1182,2,107429,107429,train
1183,2,107429,107429,train
1184,2,107429,107429,train
1185,2,107429,107429,train
1186,2,107429,107429,train
1187,2,107429,107429,train
1188,2,107429,107429,train
1189,2,107505,107505,test
1190,2,107505,107505,test
1191,2,107505,107505,test
1192,2,107505,107505,test
1193,2,107505,107505,test
1194,2,107743,107743,val
1195,2,107743,107743,val
1196,2,107743,107743,val
1197,2,107743,107743,val
1198,2,108858,108858,test
1199,2,108858,108858,test
1200,2,108858,108858,test
1201,2,108858,108858,test
1202,2,108858,108858,test
1203,2,108931,108931,val
1204,2,108931,108931,val
1205,2,108931,108931,val
1206,2,108931,108931,val
1207,2,108931,108931,val
1208,2,109471,109471,train
1209,2,109471,109471,train
1210,2,109471,109471,train
1211,2,109471,109471,train
1212,2,109471,109471,train
1213,2,109471,109471,train
1214,2,109769,109769,train
1215,2,109769,109769,train
1216,2,109769,109769,train
1217,2,109769,109769,train
1218,2,109769,109769,train
1219,2,109898,109898,train
1220,2,109898,109898,train
1221,2,109898,109898,train
1222,2,110518,110518,train
1223,2,110518,110518,train
1224,2,110518,110518,train
1225,2,110518,110518,train
1226,2,110537,110537,test
1227,2,110537,110537,test
1228,2,110537,110537,test
1229,2,110537,110537,test
1230,2,110993,110993,train
1231,2,110993,110993,train
1232,2,110993,110993,train
1233,2,111075,111075,train
1234,2,111075,111075,train
1235,2,111075,111075,train
1236,2,111075,111075,train
1237,2,111075,111075,train
1238,2,111125,111125,train
1239,2,111125,111125,train
1240,2,111125,111125,train
1241,2,111125,111125,train
1242,2,111785,111785,train
1243,2,111785,111785,train
1244,2,111785,111785,train
1245,2,111785,111785,train
1246,2,112074,112074,val
1247,2,112074,112074,val
1248,2,112074,112074,val
1249,2,112074,112074,val
1250,2,112074,112074,val
1251,2,112649,112649,train
1252,2,112649,112649,train
1253,2,112649,112649,train
1254,2,112649,112649,train
1255,2,112649,112649,train
1256,2,112746,112746,test
1257,2,112746,112746,test
1258,2,112746,112746,test
1259,2,112746,112746,test
1260,2,112746,112746,test
1261,2,112847,112847,train
1262,2,112847,112847,train
1263,2,112847,112847,train
1264,2,112847,112847,train
1265,2,112847,112847,train
1266,2,113274,113274,val
1267,2,113274,113274,val
1268,2,113274,113274,val
1269,2,113274,113274,val
1270,2,113741,113741,train
1271,2,113741,113741,train
1272,2,113741,113741,train
1273,2,114040,114040,train
1274,2,114040,114040,train
1275,2,114040,114040,train
1276,2,114361,114361,train
1277,2,114361,114361,train
1278,2,114361,114361,train
1279,2,114094,114094,val
1280,2,114094,114094,val
1281,2,114094,114094,val
1282,2,114094,114094,val
1283,2,101029,101029,val
1284,2,101029,101029,val
1285,2,101145,101145,train
1286,2,101145,101145,train
1287,2,101145,101145,train
1288,2,101145,101145,train
1289,2,101305,101305,test
1290,2,101305,101305,test
1291,2,101305,101305,test
1292,2,101305,101305,test
1293,2,101724,101724,train
1294,2,101724,101724,train
1295,2,102648,102648,train
1296,2,102648,102648,train
1297,2,102648,102648,train
1298,2,102648,102648,train
1299,2,102648,102648,train
1300,2,102648,102648,train
1301,2,103046,103046,train
1302,2,103046,103046,train
1303,2,103046,103046,train
1304,2,103257,103257,train
1305,2,103257,103257,train
1306,2,103257,103257,train
1307,2,103257,103257,train
1308,2,103257,103257,train
1309,2,103257,103257,train
1310,2,103478,103478,train
1311,2,103478,103478,train
1312,2,103478,103478,train
1313,2,103478,103478,train
1314,2,103478,103478,train
1315,2,103478,103478,train
1316,2,103478,103478,train
1317,2,103582,103582,train
1318,2,103582,103582,train
1319,2,103582,103582,train
1320,2,103582,103582,train
1321,2,103582,103582,train
1322,2,103582,103582,train
1323,2,103670,103670,train
1324,2,103670,103670,train
1325,2,103670,103670,train
1326,2,103671,103671,train
1327,2,103671,103671,train
1328,2,103671,103671,train
1329,2,103671,103671,train
1330,2,103731,103731,train
1331,2,103731,103731,train
1332,2,103731,103731,train
1333,2,103731,103731,train
1334,2,103731,103731,train
1335,2,103731,103731,train
1336,2,103731,103731,train
1337,2,103731,103731,train
1338,2,103731,103731,train
1339,2,103731,103731,train
1340,2,103837,103837,train
1341,2,103837,103837,train
1342,2,103837,103837,train
1343,2,103837,103837,train
1344,2,103837,103837,train
1345,2,103837,103837,train
1346,2,103837,103837,train
1347,2,103837,103837,train
1348,2,104019,104019,train
1349,2,104019,104019,train
1350,2,104019,104019,train
1351,2,104019,104019,train
1352,2,104558,104558,test
1353,2,104558,104558,test
1354,2,104558,104558,test
1355,2,104558,104558,test
1356,2,104558,104558,test
1357,2,104558,104558,test
1358,2,104558,104558,test
1359,2,104558,104558,test
1360,2,104684,104684,train
1361,2,104684,104684,train
1362,2,104684,104684,train
1363,2,104684,104684,train
1364,2,104684,104684,train
1365,2,104684,104684,train
1366,2,104684,104684,train
1367,2,104684,104684,train
1368,2,104684,104684,train
1369,2,104912,104912,train
1370,2,104912,104912,train
1371,2,104912,104912,train
1372,2,104912,104912,train
1373,2,104912,104912,train
1374,2,105187,105187,train
1375,2,105187,105187,train
1376,2,105187,105187,train
1377,2,105187,105187,train
1378,2,105475,105475,train
1379,2,105475,105475,train
1380,2,105538,105538,train
1381,2,105538,105538,train
1382,2,105538,105538,train
1383,2,105638,105638,train
1384,2,105638,105638,train
1385,2,105638,105638,train
1386,2,97416,97416,train
1387,2,97416,97416,train
1388,2,97416,97416,train
1389,2,97416,97416,train
1390,2,97416,97416,train
1391,2,97416,97416,train
1392,2,97416,97416,train
1393,2,97416,97416,train
1394,2,97416,97416,train
1395,2,97461,97461,val
1396,2,97461,97461,val
1397,2,97461,97461,val
1398,2,97461,97461,val
1399,2,97461,97461,val
1400,2,97461,97461,val
1401,2,97461,97461,val
1402,2,97461,97461,val
1403,2,97461,97461,val
1404,2,97481,97481,train
1405,2,97481,97481,train
1406,2,97481,97481,train
1407,2,97481,97481,train
1408,2,97599,97599,train
1409,2,97599,97599,train
1410,2,97890,97890,train
1411,2,97890,97890,train
1412,2,97890,97890,train
1413,2,97890,97890,train
1414,2,98472,98472,train
1415,2,98472,98472,train
1416,2,98472,98472,train
1417,2,98472,98472,train
1418,2,98472,98472,train
1419,2,98472,98472,train
1420,2,98472,98472,train
1421,2,98652,98652,train
1422,2,98652,98652,train
1423,2,98652,98652,train
1424,2,98871,98871,test
1425,2,98871,98871,test
1426,2,98871,98871,test
1427,2,98871,98871,test
1428,2,98871,98871,test
1429,2,98871,98871,test
1430,2,98874,98874,train
1431,2,98874,98874,train
1432,2,98874,98874,train
1433,2,98874,98874,train
1434,2,98874,98874,train
1435,2,98992,98992,train
1436,2,98992,98992,train
1437,2,98992,98992,train
1438,2,98992,98992,train
1439,2,98992,98992,train
1440,2,98992,98992,train
1441,2,98992,98992,train
1442,2,98995,98995,train
1443,2,98995,98995,train
1444,2,98995,98995,train
1445,2,98995,98995,train
1446,2,98995,98995,train
1447,2,99223,99223,train
1448,2,99223,99223,train
1449,2,99223,99223,train
1450,2,99223,99223,train
1451,2,99223,99223,train
1452,2,99223,99223,train
1453,2,99223,99223,train
1454,2,99223,99223,train
1455,2,99223,99223,train
1456,2,101017,101017,train
1457,2,101017,101017,train
1458,2,101017,101017,train
1459,2,101017,101017,train
1460,2,101017,101017,train
1461,2,101017,101017,train
1462,2,101029,101029,val
1463,2,101029,101029,val
1464,2,101029,101029,val
1465,2,101029,101029,val
1466,2,101029,101029,val
1467,2,101029,101029,val
1468,2,101145,101145,train
1469,2,101145,101145,train
1470,2,101145,101145,train
1471,2,101145,101145,train
1472,2,101305,101305,test
1473,2,101305,101305,test
1474,2,101305,101305,test
1475,2,101305,101305,test
1476,2,101305,101305,test
1477,2,101305,101305,test
1478,2,101305,101305,test
1479,2,101305,101305,test
1480,2,101724,101724,train
1481,2,101724,101724,train
1482,2,101724,101724,train
1483,2,102648,102648,train
1484,2,102648,102648,train
1485,2,102648,102648,train
1486,2,102648,102648,train
1487,2,102669,102669,test
1488,2,102669,102669,test
1489,2,103046,103046,train
1490,2,103046,103046,train
1491,2,103046,103046,train
1492,2,103046,103046,train
1493,2,103257,103257,train
1494,2,103257,103257,train
1495,2,103257,103257,train
1496,2,103257,103257,train
1497,2,103257,103257,train
1498,2,103478,103478,train
1499,2,103478,103478,train
1500,2,103478,103478,train
1501,2,103478,103478,train
1502,2,103478,103478,train
1503,2,103478,103478,train
1504,2,103478,103478,train
1505,2,103478,103478,train
1506,2,103582,103582,train
1507,2,103582,103582,train
1508,2,103582,103582,train
1509,2,103582,103582,train
1510,2,103582,103582,train
1511,2,103670,103670,train
1512,2,103670,103670,train
1513,2,103670,103670,train
1514,2,103670,103670,train
1515,2,103671,103671,train
1516,2,103671,103671,train
1517,2,103671,103671,train
1518,2,103671,103671,train
1519,2,103671,103671,train
1520,2,103671,103671,train
1521,2,103731,103731,train
1522,2,103731,103731,train
1523,2,103731,103731,train
1524,2,103731,103731,train
1525,2,103731,103731,train
1526,2,103731,103731,train
1527,2,103731,103731,train
1528,2,103837,103837,train
1529,2,103837,103837,train
1530,2,103837,103837,train
1531,2,103837,103837,train
1532,2,103837,103837,train
1533,2,104019,104019,train
1534,2,104019,104019,train
1535,2,104019,104019,train
1536,2,104019,104019,train
1537,2,104019,104019,train
1538,2,104558,104558,test
1539,2,104558,104558,test
1540,2,104558,104558,test
1541,2,104558,104558,test
1542,2,104558,104558,test
1543,2,104558,104558,test
1544,2,104558,104558,test
1545,2,104684,104684,train
1546,2,104684,104684,train
1547,2,104684,104684,train
1548,2,104684,104684,train
1549,2,104684,104684,train
1550,2,104684,104684,train
1551,2,104684,104684,train
1552,2,104912,104912,train
1553,2,104912,104912,train
1554,2,104912,104912,train
1555,2,104912,104912,train
1556,2,104912,104912,train
1557,2,105187,105187,train
1558,2,105187,105187,train
1559,2,105187,105187,train
1560,2,105187,105187,train
1561,2,105187,105187,train
1562,2,105187,105187,train
1563,2,105475,105475,train
1564,2,105475,105475,train
1565,2,105475,105475,train
1566,2,105538,105538,train
1567,2,105538,105538,train
1568,2,105638,105638,train
1569,2,105638,105638,train
1570,2,105638,105638,train
1571,2,105638,105638,train
1572,2,105638,105638,train
1573,2,97416,97416,train
1574,2,97416,97416,train
1575,2,97416,97416,train
1576,2,97416,97416,train
1577,2,97416,97416,train
1578,2,97416,97416,train
1579,2,97416,97416,train
1580,2,97416,97416,train
1581,2,97461,97461,val
1582,2,97461,97461,val
1583,2,97461,97461,val
1584,2,97461,97461,val
1585,2,97461,97461,val
1586,2,97461,97461,val
1587,2,97461,97461,val
1588,2,97461,97461,val
1589,2,97481,97481,train
1590,2,97481,97481,train
1591,2,97481,97481,train
1592,2,97481,97481,train
1593,2,97481,97481,train
1594,2,97599,97599,train
1595,2,97599,97599,train
1596,2,97890,97890,train
1597,2,97890,97890,train
1598,2,97890,97890,train
1599,2,97890,97890,train
1600,2,98472,98472,train
1601,2,98472,98472,train
1602,2,98472,98472,train
1603,2,98472,98472,train
1604,2,98472,98472,train
1605,2,98652,98652,train
1606,2,98652,98652,train
1607,2,98652,98652,train
1608,2,98652,98652,train
1609,2,98871,98871,test
1610,2,98871,98871,test
1611,2,98871,98871,test
1612,2,98871,98871,test
1613,2,98871,98871,test
1614,2,98871,98871,test
1615,2,98871,98871,test
1616,2,98874,98874,train
1617,2,98874,98874,train
1618,2,98874,98874,train
1619,2,98874,98874,train
1620,2,98874,98874,train
1621,2,98992,98992,train
1622,2,98992,98992,train
1623,2,98992,98992,train
1624,2,98992,98992,train
1625,2,98992,98992,train
1626,2,98992,98992,train
1627,2,98992,98992,train
1628,2,98995,98995,train
1629,2,98995,98995,train
1630,2,98995,98995,train
1631,2,98995,98995,train
1632,2,98995,98995,train
1633,2,98995,98995,train
1634,2,99223,99223,train
1635,2,99223,99223,train
1636,2,99223,99223,train
1637,2,99223,99223,train
1638,2,99223,99223,train
1639,2,99223,99223,train
1640,2,101017,101017,train
1641,2,101017,101017,train
1642,2,101017,101017,train
1643,2,101017,101017,train
1644,2,101029,101029,val
1645,2,101029,101029,val
1646,2,101029,101029,val
1647,2,101029,101029,val
1648,2,101029,101029,val
1649,2,101029,101029,val
1650,2,101029,101029,val
1651,2,101145,101145,train
1652,2,101145,101145,train
1653,2,101145,101145,train
1654,2,101145,101145,train
1655,2,101305,101305,test
1656,2,101305,101305,test
1657,2,101305,101305,test
1658,2,101305,101305,test
1659,2,101724,101724,train
1660,2,101724,101724,train
1661,2,101724,101724,train
1662,2,101724,101724,train
1663,2,101724,101724,train
1664,2,101724,101724,train
1665,2,102648,102648,train
1666,2,102648,102648,train
1667,2,102648,102648,train
1668,2,102648,102648,train
1669,2,102648,102648,train
1670,2,102648,102648,train
1671,2,102648,102648,train
1672,2,102669,102669,test
1673,2,103046,103046,train
1674,2,103046,103046,train
1675,2,103046,103046,train
1676,2,103046,103046,train
1677,2,103257,103257,train
1678,2,103257,103257,train
1679,2,103257,103257,train
1680,2,103257,103257,train
1681,2,103257,103257,train
1682,2,103257,103257,train
1683,2,103257,103257,train
1684,2,103478,103478,train
1685,2,103478,103478,train
1686,2,103478,103478,train
1687,2,103478,103478,train
1688,2,103478,103478,train
1689,2,103478,103478,train
1690,2,103478,103478,train
1691,2,103478,103478,train
1692,2,103582,103582,train
1693,2,103582,103582,train
1694,2,103582,103582,train
1695,2,103582,103582,train
1696,2,103582,103582,train
1697,2,103582,103582,train
1698,2,103582,103582,train
1699,2,103582,103582,train
1700,2,103670,103670,train
1701,2,103670,103670,train
1702,2,103670,103670,train
1703,2,103670,103670,train
1704,2,103671,103671,train
1705,2,103671,103671,train
1706,2,103671,103671,train
1707,2,103671,103671,train
1708,2,103671,103671,train
1709,2,103731,103731,train
1710,2,103731,103731,train
1711,2,103731,103731,train
1712,2,103731,103731,train
1713,2,103731,103731,train
1714,2,103837,103837,train
1715,2,103837,103837,train
1716,2,103837,103837,train
1717,2,103837,103837,train
1718,2,103837,103837,train
1719,2,103837,103837,train
1720,2,103837,103837,train
1721,2,104019,104019,train
1722,2,104019,104019,train
1723,2,104019,104019,train
1724,2,104019,104019,train
1725,2,104558,104558,test
1726,2,104558,104558,test
1727,2,104558,104558,test
1728,2,104558,104558,test
1729,2,104558,104558,test
1730,2,104558,104558,test
1731,2,104558,104558,test
1732,2,104558,104558,test
1733,2,104558,104558,test
1734,2,104684,104684,train
1735,2,104684,104684,train
1736,2,104684,104684,train
1737,2,104684,104684,train
1738,2,104684,104684,train
1739,2,104684,104684,train
1740,2,104684,104684,train
1741,2,104912,104912,train
1742,2,104912,104912,train
1743,2,104912,104912,train
1744,2,104912,104912,train
1745,2,104912,104912,train
1746,2,104912,104912,train
1747,2,104912,104912,train
1748,2,105187,105187,train
1749,2,105187,105187,train
1750,2,105187,105187,train
1751,2,105187,105187,train
1752,2,105187,105187,train
1753,2,105187,105187,train
1754,2,105475,105475,train
1755,2,105475,105475,train
1756,2,105475,105475,train
1757,2,105475,105475,train
1758,2,105475,105475,train
1759,2,105538,105538,train
1760,2,105538,105538,train
1761,2,105638,105638,train
1762,2,105638,105638,train
1763,2,105638,105638,train
1764,2,105638,105638,train
1765,2,105638,105638,train
1766,2,97416,97416,train
1767,2,97416,97416,train
1768,2,97416,97416,train
1769,2,97416,97416,train
1770,2,97416,97416,train
1771,2,97416,97416,train
1772,2,97416,97416,train
1773,2,97461,97461,val
1774,2,97461,97461,val
1775,2,97461,97461,val
1776,2,97461,97461,val
1777,2,97461,97461,val
1778,2,97461,97461,val
1779,2,97461,97461,val
1780,2,97461,97461,val
1781,2,97481,97481,train
1782,2,97481,97481,train
1783,2,97481,97481,train
1784,2,97481,97481,train
1785,2,97481,97481,train
1786,2,97599,97599,train
1787,2,97599,97599,train
1788,2,97599,97599,train
1789,2,97890,97890,train
1790,2,97890,97890,train
1791,2,97890,97890,train
1792,2,97890,97890,train
1793,2,97890,97890,train
1794,2,97890,97890,train
1795,2,98472,98472,train
1796,2,98472,98472,train
1797,2,98472,98472,train
1798,2,98472,98472,train
1799,2,98472,98472,train
1800,2,98472,98472,train
1801,2,98652,98652,train
1802,2,98652,98652,train
1803,2,98652,98652,train
1804,2,98652,98652,train
1805,2,98652,98652,train
1806,2,98871,98871,test
1807,2,98871,98871,test
1808,2,98871,98871,test
1809,2,98871,98871,test
1810,2,98871,98871,test
1811,2,98871,98871,test
1812,2,98871,98871,test
1813,2,98874,98874,train
1814,2,98874,98874,train
1815,2,98874,98874,train
1816,2,98874,98874,train
1817,2,98874,98874,train
1818,2,98874,98874,train
1819,2,98992,98992,train
1820,2,98992,98992,train
1821,2,98992,98992,train
1822,2,98992,98992,train
1823,2,98992,98992,train
1824,2,98992,98992,train
1825,2,98992,98992,train
1826,2,98992,98992,train
1827,2,98992,98992,train
1828,2,98992,98992,train
1829,2,98992,98992,train
1830,2,98995,98995,train
1831,2,98995,98995,train
1832,2,98995,98995,train
1833,2,98995,98995,train
1834,2,98995,98995,train
1835,2,99223,99223,train
1836,2,99223,99223,train
1837,2,99223,99223,train
1838,2,99223,99223,train
1839,2,99223,99223,train
1840,2,99223,99223,train
1841,1,MR048294,MR048294,train
1842,1,MR048294,MR048294,train
1843,1,MR048294,MR048294,train
1844,1,MR048294,MR048294,train
1845,1,MR048294,MR048294,train
1846,1,MR048294,MR048294,train
1847,1,MR048294,MR048294,train
1848,1,MR048294,MR048294,train
1849,1,MR048297,MR048297,train
1850,1,MR048297,MR048297,train
1851,1,MR048297,MR048297,train
1852,1,MR048297,MR048297,train
1853,1,MR048294B,MR048294,train
1854,1,MR048621B,MR048621,train
1855,1,MR048621B,MR048621,train
1856,1,MR048621B,MR048621,train
1857,1,MR048621B,MR048621,train
1858,1,MR048621B,MR048621,train
1859,1,MR048621B,MR048621,train
1860,1,MR048621B,MR048621,train
1861,1,MR048621B,MR048621,train
1862,1,MR048944,MR048944,train
1863,1,MR048944,MR048944,train
1864,1,MR048944,MR048944,train
1865,1,MR048944,MR048944,train
1866,1,MR048944,MR048944,train
1867,1,MR048944,MR048944,train
1868,1,MR048944,MR048944,train
1869,1,MR048944,MR048944,train
1870,1,MR048994,MR048994,train
1871,1,MR048994,MR048994,train
1872,1,MR048994,MR048994,train
1873,1,MR048994,MR048994,train
1874,1,MR048994,MR048994,train
1875,1,MR048994,MR048994,train
1876,1,MR048994,MR048994,train
1877,1,MR048994,MR048994,train
1878,1,MR048994,MR048994,train
1879,1,MR049104,MR049104,val
1880,1,MR049104,MR049104,val
1881,1,MR049142,MR049142,train
1882,1,MR049142,MR049142,train
1883,1,MR049142,MR049142,train
1884,1,MR049142,MR049142,train
1885,1,MR048994B,MR048994,train
1886,1,MR048994B,MR048994,train
1887,1,MR048994B,MR048994,train
1888,1,MR048994B,MR048994,train
1889,1,MR048994B,MR048994,train
1890,1,MR048994B,MR048994,train
1891,1,MR048994B,MR048994,train
1892,1,MR048994B,MR048994,train
1893,1,MR048944B,MR048944,train
1894,1,MR048944B,MR048944,train
1895,1,MR048944B,MR048944,train
1896,1,MR048944B,MR048944,train
1897,1,MR048944B,MR048944,train
1898,1,MR048944B,MR048944,train
1899,1,MR049358,MR049358,train
1900,1,MR049358,MR049358,train
1901,1,MR049358,MR049358,train
1902,1,MR049358,MR049358,train
1903,1,MR049358,MR049358,train
1904,1,MR049358,MR049358,train
1905,1,MR049358,MR049358,train
1906,1,MR049358,MR049358,train
1907,1,MR049358,MR049358,train
1908,1,MR049358,MR049358,train
1909,1,MR049104B,MR049104,val
1910,1,MR049104B,MR049104,val
1911,1,MR049104B,MR049104,val
1912,1,MR049104B,MR049104,val
1913,1,MR049104B,MR049104,val
1914,1,MR049453,MR049453,train
1915,1,MR049453,MR049453,train
1916,1,MR049453,MR049453,train
1917,1,MR049453,MR049453,train
1918,1,MR049453,MR049453,train
1919,1,MR049453,MR049453,train
1920,1,MR049453,MR049453,train
1921,1,MR024780G,MR024780,train
1922,1,MR024780G,MR024780,train
1923,1,MR024780G,MR024780,train
1924,1,MR024780G,MR024780,train
1925,1,MR024780G,MR024780,train
1926,1,MR024780G,MR024780,train
1927,1,MR024780G,MR024780,train
1928,1,MR024780G,MR024780,train
1929,1,MR024780G,MR024780,train
1930,1,MR024780G,MR024780,train
1931,1,MR024780G,MR024780,train
1932,1,MR024780G,MR024780,train
1933,1,MR024780G,MR024780,train
1934,1,MR024780G,MR024780,train
1935,1,MR024780G,MR024780,train
1936,1,MR024780G,MR024780,train
1937,1,MR049453B,MR049453,train
1938,1,MR049453B,MR049453,train
1939,1,MR049453B,MR049453,train
1940,1,MR049453B,MR049453,train
1941,1,MR049453B,MR049453,train
1942,1,MR049453B,MR049453,train
1943,1,MR049453B,MR049453,train
1944,1,MR049453B,MR049453,train
1945,1,MR048294B,MR048294,train
1946,1,MR048294B,MR048294,train
1947,1,MR048294B,MR048294,train
1948,1,MR048621B,MR048621,train
1949,1,MR048621B,MR048621,train
1950,1,MR050135B,MR050135,val
1951,1,MR050135B,MR050135,val
1952,1,MR050135B,MR050135,val
1953,1,MR050135B,MR050135,val
1954,1,MR050135B,MR050135,val
1955,1,MR050135B,MR050135,val
1956,1,MR050135B,MR050135,val
1957,1,MR050135B,MR050135,val
1958,1,MR050135B,MR050135,val
1959,1,MR050135B,MR050135,val
1960,1,MR050135B,MR050135,val
1961,1,MR050135B,MR050135,val
1962,1,MR050135B,MR050135,val
1963,1,MR050135B,MR050135,val
1964,1,MR050687,MR050687,train
1965,1,MR050687,MR050687,train
1966,1,MR050687,MR050687,train
1967,1,MR050687,MR050687,train
1968,1,MR050687,MR050687,train
1969,1,MR050687,MR050687,train
1970,1,MR050687,MR050687,train
1971,1,MR050687,MR050687,train
1972,1,MR050687,MR050687,train
1973,1,MR050687,MR050687,train
1974,1,MR050791B,MR050791,train
1975,1,MR050791B,MR050791,train
1976,1,MR050791B,MR050791,train
1977,1,MR050791B,MR050791,train
1978,1,MR050791B,MR050791,train
1979,1,MR050791B,MR050791,train
1980,1,MR050791B,MR050791,train
1981,1,MR050791B,MR050791,train
1982,1,MR050791B,MR050791,train
1983,1,MR050791B,MR050791,train
1984,1,MR049019C,MR049019,train
1985,1,MR049019C,MR049019,train
1986,1,MR049019C,MR049019,train
1987,1,MR026175C,MR026175,train
1988,1,MR026175C,MR026175,train
1989,1,MR026175C,MR026175,train
1990,1,MR026175C,MR026175,train
1991,1,MR026175C,MR026175,train
1992,1,MR026175C,MR026175,train
1993,1,MR026175C,MR026175,train
1994,1,MR026175C,MR026175,train
1995,1,MR026175C,MR026175,train
1996,1,MR026175C,MR026175,train
1997,1,MR026175C,MR026175,train
1998,1,MR051461,MR051461,train
1999,1,MR051461,MR051461,train
2000,1,MR051461,MR051461,train
2001,1,MR051461,MR051461,train
2002,1,MR051461,MR051461,train
2003,1,MR051461,MR051461,train
2004,1,MR051461,MR051461,train
2005,1,MR051586,MR051586,test
2006,1,MR051586,MR051586,test
2007,1,MR051586,MR051586,test
2008,1,MR051586,MR051586,test
2009,1,MR051586,MR051586,test
2010,1,MR051586,MR051586,test
2011,1,MR051586,MR051586,test
2012,1,MR051461B,MR051461,train
2013,1,MR051461B,MR051461,train
2014,1,MR051461B,MR051461,train
2015,1,MR051461B,MR051461,train
2016,1,MR051461B,MR051461,train
2017,1,MR051644,MR051644,val
2018,1,MR051644,MR051644,val
2019,1,MR051644,MR051644,val
2020,1,MR051644,MR051644,val
2021,1,MR051644,MR051644,val
2022,1,MR051644,MR051644,val
2023,1,MR051644,MR051644,val
2024,1,MR051644,MR051644,val
2025,1,MR051644,MR051644,val
2026,1,MR051644,MR051644,val
2027,1,MR051644,MR051644,val
2028,1,MR051644,MR051644,val
2029,1,MR051644,MR051644,val
2030,1,MR051644,MR051644,val
2031,1,MR051644,MR051644,val
2032,1,MR051651,MR051651,train
2033,1,MR051651,MR051651,train
2034,1,MR051651,MR051651,train
2035,1,MR051651,MR051651,train
2036,1,MR051651,MR051651,train
2037,1,MR051651,MR051651,train
2038,1,MR051796,MR051796,test
2039,1,MR051796,MR051796,test
2040,1,MR051796,MR051796,test
2041,1,MR051796,MR051796,test
2042,1,MR051796,MR051796,test
2043,1,MR051796,MR051796,test
2044,1,MR051796,MR051796,test
2045,1,MR051651B,MR051651,train
2046,1,MR051651B,MR051651,train
2047,1,MR051651B,MR051651,train
2048,1,MR051651B,MR051651,train
2049,1,MR051651B,MR051651,train
2050,1,MR051651B,MR051651,train
2051,1,MR051644B,MR051644,val
2052,1,MR051644B,MR051644,val
2053,1,MR051644B,MR051644,val
2054,1,MR051644B,MR051644,val
2055,1,MR051644B,MR051644,val
2056,1,MR051644B,MR051644,val
2057,1,MR051644B,MR051644,val
2058,1,MR051796B,MR051796,test
2059,1,MR051796B,MR051796,test
2060,1,MR051796B,MR051796,test
2061,1,MR052550,MR052550,test
2062,1,MR052550,MR052550,test
2063,1,MR052550,MR052550,test
2064,1,MR052550,MR052550,test
2065,1,MR051644C,MR051644,val
2066,1,MR051644C,MR051644,val
2067,1,MR051644C,MR051644,val
2068,1,MR051644C,MR051644,val
2069,1,MR051644C,MR051644,val
2070,1,MR051644C,MR051644,val
2071,1,MR051644C,MR051644,val
2072,1,MR051644C,MR051644,val
2073,1,MR051644C,MR051644,val
2074,1,MR051644C,MR051644,val
2075,1,MR051644C,MR051644,val
2076,1,MR051644C,MR051644,val
2077,1,MR049942B,MR049942,train
2078,1,MR049942B,MR049942,train
2079,1,MR049942B,MR049942,train
2080,1,MR052585B,MR052585,train
2081,1,MR052585B,MR052585,train
2082,1,MR052585B,MR052585,train
2083,1,MR047953C,MR047953,val
2084,1,MR047953C,MR047953,val
2085,1,MR047953C,MR047953,val
2086,1,MR047953C,MR047953,val
2087,1,MR053110B,MR053110,train
2088,1,MR053110B,MR053110,train
2089,1,MR053110B,MR053110,train
2090,1,MR053110B,MR053110,train
2091,1,MR053110B,MR053110,train
2092,1,MR053110B,MR053110,train
2093,1,MR034694,MR034694,test
2094,1,MR034694,MR034694,test
2095,1,MR034694,MR034694,test
2096,1,MR034694,MR034694,test
2097,1,MR054683,MR054683,train
2098,1,MR054683,MR054683,train
2099,1,MR054683,MR054683,train
2100,1,MR054875,MR054875,train
2101,1,MR054875,MR054875,train
2102,1,MR054875,MR054875,train
2103,1,MR054875,MR054875,train
2104,1,MR050687C,MR050687,train
2105,1,MR050687C,MR050687,train
2106,1,MR050687C,MR050687,train
2107,1,MR050687C,MR050687,train
2108,1,MR050687C,MR050687,train
2109,1,MR056144,MR056144,train
2110,1,MR056144,MR056144,train
2111,1,MR056144,MR056144,train
2112,1,MR034997,MR034997,train
2113,1,MR034997,MR034997,train
2114,1,MR034997,MR034997,train
2115,1,MR034997,MR034997,train
2116,1,MR034997,MR034997,train
2117,1,MR034997,MR034997,train
2118,1,MR034997,MR034997,train
2119,1,MR029209E,MR029209,train
2120,1,MR029209E,MR029209,train
2121,1,MR029209E,MR029209,train
2122,1,MR029209E,MR029209,train
2123,1,MR029209E,MR029209,train
2124,1,MR029209E,MR029209,train
2125,1,MR029209E,MR029209,train
2126,1,MR029209E,MR029209,train
2127,1,MR029209E,MR029209,train
2128,1,MR053110E,MR053110,train
2129,1,MR053110E,MR053110,train
2130,1,MR053110E,MR053110,train
2131,1,MR053110E,MR053110,train
2132,1,MR053110E,MR053110,train
2133,1,MR053110E,MR053110,train
2134,1,MR049019G,MR049019,train
2135,1,MR049019G,MR049019,train
2136,1,MR049019G,MR049019,train
2137,1,MR049019G,MR049019,train
2138,1,MR049019G,MR049019,train
2139,1,MR049019G,MR049019,train
2140,1,MR049019G,MR049019,train
2141,1,MR031409B,MR031409,train
2142,1,MR031409B,MR031409,train
2143,1,MR031409B,MR031409,train
2144,1,MR024780D,MR024780,train
2145,1,MR024780D,MR024780,train
2146,1,MR038469,MR038469,val
2147,1,MR038469,MR038469,val
2148,1,MR038469,MR038469,val
2149,1,MR038469,MR038469,val
2150,1,MR038469,MR038469,val
2151,1,MR038469,MR038469,val
2152,1,MR038469,MR038469,val
2153,1,MR032322C,MR032322,train
2154,1,MR032322C,MR032322,train
2155,1,MR032322C,MR032322,train
2156,1,MR032322C,MR032322,train
2157,1,MR032322C,MR032322,train
2158,1,MR032322C,MR032322,train
2159,1,MR032322C,MR032322,train
2160,1,MR032322C,MR032322,train
2161,1,MR032322C,MR032322,train
2162,1,MR032322C,MR032322,train
2163,1,MR032322C,MR032322,train
2164,1,MR032322C,MR032322,train
2165,1,MR032322C,MR032322,train
2166,1,MR037458B,MR037458,train
2167,1,MR037458B,MR037458,train
2168,1,MR037458B,MR037458,train
2169,1,MR037458B,MR037458,train
2170,1,MR037458B,MR037458,train
2171,1,MR037458B,MR037458,train
2172,1,MR037458B,MR037458,train
2173,1,MR037458B,MR037458,train
2174,1,MR039473,MR039473,train
2175,1,MR039473,MR039473,train
2176,1,MR039473,MR039473,train
2177,1,MR039473,MR039473,train
2178,1,MR039473,MR039473,train
2179,1,MR039473B,MR039473,train
2180,1,MR039473B,MR039473,train
2181,1,MR039473B,MR039473,train
2182,1,MR039473B,MR039473,train
2183,1,MR039473B,MR039473,train
2184,1,MR039473B,MR039473,train
2185,1,MR039473B,MR039473,train
2186,1,MR037458C,MR037458,train
2187,1,MR037458C,MR037458,train
2188,1,MR037458C,MR037458,train
2189,1,MR037458C,MR037458,train
2190,1,MR037458C,MR037458,train
2191,1,MR037458C,MR037458,train
2192,1,MR037458C,MR037458,train
2193,1,MR037458C,MR037458,train
2194,1,MR037458C,MR037458,train
2195,1,MR037458C,MR037458,train
2196,1,MR040240,MR040240,test
2197,1,MR040240,MR040240,test
2198,1,MR040240,MR040240,test
2199,1,MR040240,MR040240,test
2200,1,MR040240,MR040240,test
2201,1,MR040240,MR040240,test
2202,1,MR040240,MR040240,test
2203,1,MR040240,MR040240,test
2204,1,MR040240,MR040240,test
2205,1,MR040240,MR040240,test
2206,1,MR040240B,MR040240,test
2207,1,MR040240B,MR040240,test
2208,1,MR040240B,MR040240,test
2209,1,MR040240B,MR040240,test
2210,1,MR040240B,MR040240,test
2211,1,MR040240B,MR040240,test
2212,1,MR040240B,MR040240,test
2213,1,MR040240B,MR040240,test
2214,1,MR040240B,MR040240,test
2215,1,MR040240B,MR040240,test
2216,1,MR029209G,MR029209,train
2217,1,MR029209G,MR029209,train
2218,1,MR029209G,MR029209,train
2219,1,MR029209G,MR029209,train
2220,1,MR029209G,MR029209,train
2221,1,MR029209G,MR029209,train
2222,1,MR029209G,MR029209,train
2223,1,MR029209G,MR029209,train
2224,1,MR036496B,MR036496,train
2225,1,MR036496B,MR036496,train
2226,1,MR036496B,MR036496,train
2227,1,MR036496B,MR036496,train
2228,1,MR036496B,MR036496,train
2229,1,MR036496B,MR036496,train
2230,1,MR033420,MR033420,train
2231,1,MR033420,MR033420,train
2232,1,MR033420,MR033420,train
2233,1,MR033420,MR033420,train
2234,1,MR033420,MR033420,train
2235,1,MR033420,MR033420,train
2236,1,MR033420,MR033420,train
2237,1,MR024780B,MR024780,train
2238,1,MR024780B,MR024780,train
2239,1,MR024780B,MR024780,train
2240,1,MR024780B,MR024780,train
2241,1,MR033389B,MR033389,train
2242,1,MR048994,MR048994,train
2243,1,MR048994,MR048994,train
2244,1,MR049104,MR049104,val
2245,1,MR049104,MR049104,val
2246,1,MR049104,MR049104,val
2247,1,MR049142,MR049142,train
2248,1,MR049142,MR049142,train
2249,1,MR049142,MR049142,train
2250,1,MR048994B,MR048994,train
2251,1,MR048994B,MR048994,train
2252,1,MR048994B,MR048994,train
2253,1,MR048994B,MR048994,train
2254,1,MR048944B,MR048944,train
2255,1,MR048944B,MR048944,train
2256,1,MR048944B,MR048944,train
2257,1,MR048944B,MR048944,train
2258,1,MR048944B,MR048944,train
2259,1,MR048944B,MR048944,train
2260,1,MR048944B,MR048944,train
2261,1,MR049358,MR049358,train
2262,1,MR049358,MR049358,train
2263,1,MR049358,MR049358,train
2264,1,MR049358,MR049358,train
2265,1,MR049358,MR049358,train
2266,1,MR049358,MR049358,train
2267,1,MR049358,MR049358,train
2268,1,MR049358,MR049358,train
2269,1,MR049358,MR049358,train
2270,1,MR049453,MR049453,train
2271,1,MR049453,MR049453,train
2272,1,MR049453,MR049453,train
2273,1,MR049453,MR049453,train
2274,1,MR049453,MR049453,train
2275,1,MR049453,MR049453,train
2276,1,MR049453,MR049453,train
2277,1,MR049453,MR049453,train
2278,1,MR049453,MR049453,train
2279,1,MR024780G,MR024780,train
2280,1,MR024780G,MR024780,train
2281,1,MR024780G,MR024780,train
2282,1,MR024780G,MR024780,train
2283,1,MR024780G,MR024780,train
2284,1,MR024780G,MR024780,train
2285,1,MR024780G,MR024780,train
2286,1,MR049453B,MR049453,train
2287,1,MR049453B,MR049453,train
2288,1,MR049453B,MR049453,train
2289,1,MR049453B,MR049453,train
2290,1,MR049453B,MR049453,train
2291,1,MR049453B,MR049453,train
2292,1,MR049453B,MR049453,train
2293,1,MR049453B,MR049453,train
2294,1,MR049453B,MR049453,train
2295,1,MR049453B,MR049453,train
2296,1,MR049453B,MR049453,train
2297,1,MR049453B,MR049453,train
2298,1,MR049453B,MR049453,train
2299,1,MR049453B,MR049453,train
2300,1,MR050135B,MR050135,val
2301,1,MR050135B,MR050135,val
2302,1,MR050135B,MR050135,val
2303,1,MR050135B,MR050135,val
2304,1,MR050135B,MR050135,val
2305,1,MR050135B,MR050135,val
2306,1,MR050135B,MR050135,val
2307,1,MR050135B,MR050135,val
2308,1,MR050135B,MR050135,val
2309,1,MR050135B,MR050135,val
2310,1,MR050135B,MR050135,val
2311,1,MR050687,MR050687,train
2312,1,MR050687,MR050687,train
2313,1,MR050687,MR050687,train
2314,1,MR050687,MR050687,train
2315,1,MR050687,MR050687,train
2316,1,MR050687,MR050687,train
2317,1,MR050791B,MR050791,train
2318,1,MR050791B,MR050791,train
2319,1,MR050791B,MR050791,train
2320,1,MR050791B,MR050791,train
2321,1,MR049019C,MR049019,train
2322,1,MR049019C,MR049019,train
2323,1,MR049019C,MR049019,train
2324,1,MR049019C,MR049019,train
2325,1,MR049019C,MR049019,train
2326,1,MR026175C,MR026175,train
2327,1,MR026175C,MR026175,train
2328,1,MR026175C,MR026175,train
2329,1,MR026175C,MR026175,train
2330,1,MR026175C,MR026175,train
2331,1,MR026175C,MR026175,train
2332,1,MR026175C,MR026175,train
2333,1,MR051461,MR051461,train
2334,1,MR051461,MR051461,train
2335,1,MR051461,MR051461,train
2336,1,MR051461,MR051461,train
2337,1,MR051461,MR051461,train
2338,1,MR051461,MR051461,train
2339,1,MR051461,MR051461,train
2340,1,MR051461,MR051461,train
2341,1,MR051461,MR051461,train
2342,1,MR051586,MR051586,test
2343,1,MR051586,MR051586,test
2344,1,MR033389B,MR033389,train
2345,1,MR033389B,MR033389,train
2346,1,MR033389B,MR033389,train
2347,1,MR033389B,MR033389,train
2348,1,MR033389B,MR033389,train
2349,1,MR024780E,MR024780,train
2350,1,MR026175E,MR026175,train
2351,1,MR026175E,MR026175,train
2352,1,MR026175E,MR026175,train
2353,1,MR026175E,MR026175,train
2354,1,MR026175E,MR026175,train
2355,1,MR026175E,MR026175,train
2356,1,MR026175E,MR026175,train
2357,1,MR026175E,MR026175,train
2358,1,MR026175E,MR026175,train
2359,1,MR026175E,MR026175,train
2360,1,MR026175E,MR026175,train
2361,1,MR026175E,MR026175,train
2362,1,MR040240C,MR040240,test
2363,1,MR040240C,MR040240,test
2364,1,MR040240C,MR040240,test
2365,1,MR040240C,MR040240,test
2366,1,MR040240C,MR040240,test
2367,1,MR040240C,MR040240,test
2368,1,MR040240C,MR040240,test
2369,1,MR040240C,MR040240,test
2370,1,MR040240C,MR040240,test
2371,1,MR040240C,MR040240,test
2372,1,MR040240C,MR040240,test
2373,1,MR040240D,MR040240,test
2374,1,MR040240D,MR040240,test
2375,1,MR040240D,MR040240,test
2376,1,MR040240D,MR040240,test
2377,1,MR040240D,MR040240,test
2378,1,MR040240D,MR040240,test
2379,1,MR040240D,MR040240,test
2380,1,MR040240D,MR040240,test
2381,1,MR040240D,MR040240,test
2382,1,MR040240D,MR040240,test
2383,1,MR040240D,MR040240,test
2384,1,MR017260F,MR017260,train
2385,1,MR017260F,MR017260,train
2386,1,MR017260F,MR017260,train
2387,1,MR017260F,MR017260,train
2388,1,MR017260F,MR017260,train
2389,1,MR017260F,MR017260,train
2390,1,MR017260F,MR017260,train
2391,1,MR017260F,MR017260,train
2392,1,MR017260F,MR017260,train
2393,1,MR017260F,MR017260,train
2394,1,MR029209I,MR029209,train
2395,1,MR029209I,MR029209,train
2396,1,MR029209I,MR029209,train
2397,1,MR029209I,MR029209,train
2398,1,MR029209I,MR029209,train
2399,1,MR029209I,MR029209,train
2400,1,MR029209I,MR029209,train
2401,1,MR029209I,MR029209,train
2402,1,MR029209I,MR029209,train
2403,1,MR048294,MR048294,train
2404,1,MR048294,MR048294,train
2405,1,MR048294,MR048294,train
2406,1,MR048294,MR048294,train
2407,1,MR048294,MR048294,train
2408,1,MR048294,MR048294,train
2409,1,MR048294,MR048294,train
2410,1,MR048297,MR048297,train
2411,1,MR048297,MR048297,train
2412,1,MR048297,MR048297,train
2413,1,MR048297,MR048297,train
2414,1,MR048297,MR048297,train
2415,1,MR048294B,MR048294,train
2416,1,MR048294B,MR048294,train
2417,1,MR048294B,MR048294,train
2418,1,MR048294B,MR048294,train
2419,1,MR048294B,MR048294,train
2420,1,MR048621B,MR048621,train
2421,1,MR048621B,MR048621,train
2422,1,MR048621B,MR048621,train
2423,1,MR048621B,MR048621,train
2424,1,MR048621B,MR048621,train
2425,1,MR048621B,MR048621,train
2426,1,MR048944,MR048944,train
2427,1,MR048944,MR048944,train
2428,1,MR048944,MR048944,train
2429,1,MR048944,MR048944,train
2430,1,MR048944,MR048944,train
2431,1,MR048944,MR048944,train
2432,1,MR048944,MR048944,train
2433,1,MR048944,MR048944,train
2434,1,MR048944,MR048944,train
2435,1,MR048994,MR048994,train
2436,1,MR048994,MR048994,train
2437,1,MR048994,MR048994,train
2438,1,MR048994,MR048994,train
2439,1,MR048994,MR048994,train
2440,1,MR048994,MR048994,train
2441,1,MR048994,MR048994,train
2442,1,MR037458C,MR037458,train
2443,1,MR040240,MR040240,test
2444,1,MR040240,MR040240,test
2445,1,MR040240,MR040240,test
2446,1,MR040240,MR040240,test
2447,1,MR040240,MR040240,test
2448,1,MR040240,MR040240,test
2449,1,MR040240,MR040240,test
2450,1,MR040240,MR040240,test
2451,1,MR040240,MR040240,test
2452,1,MR040240,MR040240,test
2453,1,MR040240B,MR040240,test
2454,1,MR040240B,MR040240,test
2455,1,MR040240B,MR040240,test
2456,1,MR040240B,MR040240,test
2457,1,MR040240B,MR040240,test
2458,1,MR040240B,MR040240,test
2459,1,MR040240B,MR040240,test
2460,1,MR040240B,MR040240,test
2461,1,MR040240B,MR040240,test
2462,1,MR040240B,MR040240,test
2463,1,MR029209G,MR029209,train
2464,1,MR029209G,MR029209,train
2465,1,MR029209G,MR029209,train
2466,1,MR029209G,MR029209,train
2467,1,MR029209G,MR029209,train
2468,1,MR029209G,MR029209,train
2469,1,MR029209G,MR029209,train
2470,1,MR036496B,MR036496,train
2471,1,MR036496B,MR036496,train
2472,1,MR036496B,MR036496,train
2473,1,MR036496B,MR036496,train
2474,1,MR036496B,MR036496,train
2475,1,MR036496B,MR036496,train
2476,1,MR033420,MR033420,train
2477,1,MR033420,MR033420,train
2478,1,MR033420,MR033420,train
2479,1,MR033420,MR033420,train
2480,1,MR033420,MR033420,train
2481,1,MR033420,MR033420,train
2482,1,MR033420,MR033420,train
2483,1,MR033420,MR033420,train
2484,1,MR033420,MR033420,train
2485,1,MR033420,MR033420,train
2486,1,MR033420,MR033420,train
2487,1,MR033389B,MR033389,train
2488,1,MR033389B,MR033389,train
2489,1,MR033389B,MR033389,train
2490,1,MR033389B,MR033389,train
2491,1,MR033389B,MR033389,train
2492,1,MR033389B,MR033389,train
2493,1,MR033389B,MR033389,train
2494,1,MR033389B,MR033389,train
2495,1,MR033389B,MR033389,train
2496,1,MR024780E,MR024780,train
2497,1,MR024780E,MR024780,train
2498,1,MR024780E,MR024780,train
2499,1,MR026175E,MR026175,train
2500,1,MR026175E,MR026175,train
2501,1,MR026175E,MR026175,train
2502,1,MR026175E,MR026175,train
2503,1,MR026175E,MR026175,train
2504,1,MR026175E,MR026175,train
2505,1,MR026175E,MR026175,train
2506,1,MR026175E,MR026175,train
2507,1,MR026175E,MR026175,train
2508,1,MR026175E,MR026175,train
2509,1,MR040240C,MR040240,test
2510,1,MR040240C,MR040240,test
2511,1,MR040240C,MR040240,test
2512,1,MR040240C,MR040240,test
2513,1,MR040240C,MR040240,test
2514,1,MR040240C,MR040240,test
2515,1,MR040240C,MR040240,test
2516,1,MR040240C,MR040240,test
2517,1,MR040240C,MR040240,test
2518,1,MR040240C,MR040240,test
2519,1,MR040240C,MR040240,test
2520,1,MR040240C,MR040240,test
2521,1,MR040240C,MR040240,test
2522,1,MR040240C,MR040240,test
2523,1,MR040240C,MR040240,test
2524,1,MR017260F,MR017260,train
2525,1,MR017260F,MR017260,train
2526,1,MR017260F,MR017260,train
2527,1,MR017260F,MR017260,train
2528,1,MR017260F,MR017260,train
2529,1,MR017260F,MR017260,train
2530,1,MR029209I,MR029209,train
2531,1,MR029209I,MR029209,train
2532,1,MR029209I,MR029209,train
2533,1,MR029209I,MR029209,train
2534,1,MR029209I,MR029209,train
2535,1,MR029209I,MR029209,train
2536,1,MR029209I,MR029209,train
2537,1,MR029209I,MR029209,train
2538,1,MR029209I,MR029209,train
2539,1,MR029209I,MR029209,train
2540,1,MR048294,MR048294,train
2541,1,MR048294,MR048294,train
2542,1,MR048294,MR048294,train
2543,1,MR048294,MR048294,train
2544,1,MR048294,MR048294,train
2545,1,MR048294,MR048294,train
2546,1,MR051586,MR051586,test
2547,1,MR051586,MR051586,test
2548,1,MR051586,MR051586,test
2549,1,MR051586,MR051586,test
2550,1,MR051461B,MR051461,train
2551,1,MR051461B,MR051461,train
2552,1,MR051461B,MR051461,train
2553,1,MR051461B,MR051461,train
2554,1,MR051644,MR051644,val
2555,1,MR051644,MR051644,val
2556,1,MR051644,MR051644,val
2557,1,MR051644,MR051644,val
2558,1,MR051644,MR051644,val
2559,1,MR051644,MR051644,val
2560,1,MR051644,MR051644,val
2561,1,MR051644,MR051644,val
2562,1,MR051644,MR051644,val
2563,1,MR051644,MR051644,val
2564,1,MR051644,MR051644,val
2565,1,MR051644,MR051644,val
2566,1,MR051651,MR051651,train
2567,1,MR051651,MR051651,train
2568,1,MR051651,MR051651,train
2569,1,MR051651,MR051651,train
2570,1,MR051651,MR051651,train
2571,1,MR051651,MR051651,train
2572,1,MR051651,MR051651,train
2573,1,MR051796,MR051796,test
2574,1,MR051796,MR051796,test
2575,1,MR051796,MR051796,test
2576,1,MR051796,MR051796,test
2577,1,MR051796,MR051796,test
2578,1,MR051796,MR051796,test
2579,1,MR051651B,MR051651,train
2580,1,MR051651B,MR051651,train
2581,1,MR051651B,MR051651,train
2582,1,MR051651B,MR051651,train
2583,1,MR051651B,MR051651,train
2584,1,MR051651B,MR051651,train
2585,1,MR051651B,MR051651,train
2586,1,MR051796B,MR051796,test
2587,1,MR051796B,MR051796,test
2588,1,MR051796B,MR051796,test
2589,1,MR052550,MR052550,test
2590,1,MR052550,MR052550,test
2591,1,MR052550,MR052550,test
2592,1,MR052550,MR052550,test
2593,1,MR052550,MR052550,test
2594,1,MR052550,MR052550,test
2595,1,MR051644C,MR051644,val
2596,1,MR051644C,MR051644,val
2597,1,MR051644C,MR051644,val
2598,1,MR051644C,MR051644,val
2599,1,MR051644C,MR051644,val
2600,1,MR051644C,MR051644,val
2601,1,MR051644C,MR051644,val
2602,1,MR051644C,MR051644,val
2603,1,MR051644C,MR051644,val
2604,1,MR051644C,MR051644,val
2605,1,MR051644C,MR051644,val
2606,1,MR051644C,MR051644,val
2607,1,MR051644C,MR051644,val
2608,1,MR049942B,MR049942,train
2609,1,MR049942B,MR049942,train
2610,1,MR049942B,MR049942,train
2611,1,MR049942B,MR049942,train
2612,1,MR047953C,MR047953,val
2613,1,MR047953C,MR047953,val
2614,1,MR047953C,MR047953,val
2615,1,MR047953C,MR047953,val
2616,1,MR047953C,MR047953,val
2617,1,MR053110B,MR053110,train
2618,1,MR053110B,MR053110,train
2619,1,MR053110B,MR053110,train
2620,1,MR053110B,MR053110,train
2621,1,MR053110B,MR053110,train
2622,1,MR053110B,MR053110,train
2623,1,MR053110B,MR053110,train
2624,1,MR034694,MR034694,test
2625,1,MR034694,MR034694,test
2626,1,MR034694,MR034694,test
2627,1,MR034694,MR034694,test
2628,1,MR034694,MR034694,test
2629,1,MR034694,MR034694,test
2630,1,MR034694,MR034694,test
2631,1,MR054683,MR054683,train
2632,1,MR054683,MR054683,train
2633,1,MR054683,MR054683,train
2634,1,MR050687C,MR050687,train
2635,1,MR050687C,MR050687,train
2636,1,MR050687C,MR050687,train
2637,1,MR050687C,MR050687,train
2638,1,MR050687C,MR050687,train
2639,1,MR050687C,MR050687,train
2640,1,MR050687C,MR050687,train
2641,1,MR049242C,MR049242,train
2642,1,MR049242C,MR049242,train
2643,1,MR049242C,MR049242,train
2644,1,MR049242C,MR049242,train
2645,1,MR049242C,MR049242,train
2646,1,MR053241C,MR053241,train
2647,1,MR053241C,MR053241,train
2648,1,MR053241C,MR053241,train
2649,1,MR053241C,MR053241,train
2650,1,MR034997,MR034997,train
2651,1,MR034997,MR034997,train
2652,1,MR034997,MR034997,train
2653,1,MR034997,MR034997,train
2654,1,MR034997,MR034997,train
2655,1,MR034997,MR034997,train
2656,1,MR034997,MR034997,train
2657,1,MR029209E,MR029209,train
2658,1,MR029209E,MR029209,train
2659,1,MR029209E,MR029209,train
2660,1,MR029209E,MR029209,train
2661,1,MR029209E,MR029209,train
2662,1,MR029209E,MR029209,train
2663,1,MR029209E,MR029209,train
2664,1,MR053110E,MR053110,train
2665,1,MR053110E,MR053110,train
2666,1,MR053110E,MR053110,train
2667,1,MR053110E,MR053110,train
2668,1,MR053110E,MR053110,train
2669,1,MR053110E,MR053110,train
2670,1,MR053110E,MR053110,train
2671,1,MR053110E,MR053110,train
2672,1,MR053110E,MR053110,train
2673,1,MR053110E,MR053110,train
2674,1,MR053110E,MR053110,train
2675,1,MR049019G,MR049019,train
2676,1,MR049019G,MR049019,train
2677,1,MR049019G,MR049019,train
2678,1,MR031409B,MR031409,train
2679,1,MR031409B,MR031409,train
2680,1,MR024780D,MR024780,train
2681,1,MR024780D,MR024780,train
2682,1,MR038469,MR038469,val
2683,1,MR038469,MR038469,val
2684,1,MR038469,MR038469,val
2685,1,MR038469,MR038469,val
2686,1,MR038469,MR038469,val
2687,1,MR038469,MR038469,val
2688,1,MR032322C,MR032322,train
2689,1,MR032322C,MR032322,train
2690,1,MR032322C,MR032322,train
2691,1,MR032322C,MR032322,train
2692,1,MR032322C,MR032322,train
2693,1,MR032322C,MR032322,train
2694,1,MR032322C,MR032322,train
2695,1,MR032322C,MR032322,train
2696,1,MR032322C,MR032322,train
2697,1,MR032322C,MR032322,train
2698,1,MR032322C,MR032322,train
2699,1,MR032322C,MR032322,train
2700,1,MR032322C,MR032322,train
2701,1,MR032322C,MR032322,train
2702,1,MR037458B,MR037458,train
2703,1,MR037458B,MR037458,train
2704,1,MR037458B,MR037458,train
2705,1,MR037458B,MR037458,train
2706,1,MR037458B,MR037458,train
2707,1,MR037458B,MR037458,train
2708,1,MR037458B,MR037458,train
2709,1,MR037458B,MR037458,train
2710,1,MR039473,MR039473,train
2711,1,MR039473,MR039473,train
2712,1,MR039473,MR039473,train
2713,1,MR039473,MR039473,train
2714,1,MR039473B,MR039473,train
2715,1,MR039473B,MR039473,train
2716,1,MR039473B,MR039473,train
2717,1,MR039473B,MR039473,train
2718,1,MR039473B,MR039473,train
2719,1,MR039473B,MR039473,train
2720,1,MR039473B,MR039473,train
2721,1,MR039473B,MR039473,train
2722,1,MR039473B,MR039473,train
2723,1,MR037458C,MR037458,train
2724,1,MR037458C,MR037458,train
2725,1,MR037458C,MR037458,train
2726,1,MR037458C,MR037458,train
2727,1,MR037458C,MR037458,train
2728,1,MR037458C,MR037458,train
2729,1,MR037458C,MR037458,train
2730,1,MR037458C,MR037458,train
2731,1,MR029209E,MR029209,train
2732,1,MR029209E,MR029209,train
2733,1,MR029209E,MR029209,train
2734,1,MR029209E,MR029209,train
2735,1,MR029209E,MR029209,train
2736,1,MR029209E,MR029209,train
2737,1,MR029209E,MR029209,train
2738,1,MR053110E,MR053110,train
2739,1,MR053110E,MR053110,train
2740,1,MR053110E,MR053110,train
2741,1,MR053110E,MR053110,train
2742,1,MR053110E,MR053110,train
2743,1,MR049019G,MR049019,train
2744,1,MR049019G,MR049019,train
2745,1,MR049019G,MR049019,train
2746,1,MR049019G,MR049019,train
2747,1,MR049019G,MR049019,train
2748,1,MR031409B,MR031409,train
2749,1,MR031409B,MR031409,train
2750,1,MR024780D,MR024780,train
2751,1,MR024780D,MR024780,train
2752,1,MR024780D,MR024780,train
2753,1,MR038469,MR038469,val
2754,1,MR038469,MR038469,val
2755,1,MR038469,MR038469,val
2756,1,MR038469,MR038469,val
2757,1,MR038469,MR038469,val
2758,1,MR032322C,MR032322,train
2759,1,MR032322C,MR032322,train
2760,1,MR032322C,MR032322,train
2761,1,MR032322C,MR032322,train
2762,1,MR032322C,MR032322,train
2763,1,MR032322C,MR032322,train
2764,1,MR032322C,MR032322,train
2765,1,MR032322C,MR032322,train
2766,1,MR032322C,MR032322,train
2767,1,MR032322C,MR032322,train
2768,1,MR032322C,MR032322,train
2769,1,MR037458B,MR037458,train
2770,1,MR037458B,MR037458,train
2771,1,MR037458B,MR037458,train
2772,1,MR037458B,MR037458,train
2773,1,MR037458B,MR037458,train
2774,1,MR039473,MR039473,train
2775,1,MR039473,MR039473,train
2776,1,MR039473,MR039473,train
2777,1,MR039473,MR039473,train
2778,1,MR039473,MR039473,train
2779,1,MR039473,MR039473,train
2780,1,MR039473B,MR039473,train
2781,1,MR039473B,MR039473,train
2782,1,MR039473B,MR039473,train
2783,1,MR039473B,MR039473,train
2784,1,MR039473B,MR039473,train
2785,1,MR039473B,MR039473,train
2786,1,MR039473B,MR039473,train
2787,1,MR040240,MR040240,test
2788,1,MR040240,MR040240,test
2789,1,MR040240,MR040240,test
2790,1,MR040240,MR040240,test
2791,1,MR040240,MR040240,test
2792,1,MR040240,MR040240,test
2793,1,MR040240,MR040240,test
2794,1,MR040240,MR040240,test
2795,1,MR040240B,MR040240,test
2796,1,MR040240B,MR040240,test
2797,1,MR040240B,MR040240,test
2798,1,MR040240B,MR040240,test
2799,1,MR040240B,MR040240,test
2800,1,MR029209G,MR029209,train
2801,1,MR029209G,MR029209,train
2802,1,MR029209G,MR029209,train
2803,1,MR029209G,MR029209,train
2804,1,MR029209G,MR029209,train
2805,1,MR036496B,MR036496,train
2806,1,MR036496B,MR036496,train
2807,1,MR036496B,MR036496,train
2808,1,MR036496B,MR036496,train
2809,1,MR033420,MR033420,train
2810,1,MR033420,MR033420,train
2811,1,MR033420,MR033420,train
2812,1,MR033420,MR033420,train
2813,1,MR033420,MR033420,train
2814,1,MR033420,MR033420,train
2815,1,MR033420,MR033420,train
2816,1,MR033420,MR033420,train
2817,1,MR024780B,MR024780,train
2818,1,MR024780B,MR024780,train
2819,1,MR024780B,MR024780,train
2820,1,MR024780B,MR024780,train
2821,1,MR033389B,MR033389,train
2822,1,MR048294,MR048294,train
2823,1,MR048297,MR048297,train
2824,1,MR048297,MR048297,train
2825,1,MR048297,MR048297,train
2826,1,MR048297,MR048297,train
2827,1,MR048297,MR048297,train
2828,1,MR048297,MR048297,train
2829,1,MR048297,MR048297,train
2830,1,MR048297,MR048297,train
2831,1,MR048294B,MR048294,train
2832,1,MR048294B,MR048294,train
2833,1,MR048294B,MR048294,train
2834,1,MR048294B,MR048294,train
2835,1,MR048294B,MR048294,train
2836,1,MR048294B,MR048294,train
2837,1,MR048621B,MR048621,train
2838,1,MR048621B,MR048621,train
2839,1,MR048621B,MR048621,train
2840,1,MR048944,MR048944,train
2841,1,MR048944,MR048944,train
2842,1,MR048944,MR048944,train
2843,1,MR048944,MR048944,train
2844,1,MR048944,MR048944,train
2845,1,MR048944,MR048944,train
2846,1,MR048994,MR048994,train
2847,1,MR048994,MR048994,train
2848,1,MR048994,MR048994,train
2849,1,MR048994,MR048994,train
2850,1,MR048994,MR048994,train
2851,1,MR048994,MR048994,train
2852,1,MR048994,MR048994,train
2853,1,MR048994,MR048994,train
2854,1,MR049104,MR049104,val
2855,1,MR049104,MR049104,val
2856,1,MR049104,MR049104,val
2857,1,MR049104,MR049104,val
2858,1,MR049142,MR049142,train
2859,1,MR049142,MR049142,train
2860,1,MR049142,MR049142,train
2861,1,MR048994B,MR048994,train
2862,1,MR048994B,MR048994,train
2863,1,MR048994B,MR048994,train
2864,1,MR048994B,MR048994,train
2865,1,MR048994B,MR048994,train
2866,1,MR049358,MR049358,train
2867,1,MR049358,MR049358,train
2868,1,MR049358,MR049358,train
2869,1,MR049358,MR049358,train
2870,1,MR049358,MR049358,train
2871,1,MR049358,MR049358,train
2872,1,MR049358,MR049358,train
2873,1,MR049104B,MR049104,val
2874,1,MR049104B,MR049104,val
2875,1,MR049104B,MR049104,val
2876,1,MR049453,MR049453,train
2877,1,MR049453,MR049453,train
2878,1,MR049453,MR049453,train
2879,1,MR049453,MR049453,train
2880,1,MR049453,MR049453,train
2881,1,MR049453,MR049453,train
2882,1,MR049453,MR049453,train
2883,1,MR049453,MR049453,train
2884,1,MR049453,MR049453,train
2885,1,MR024780G,MR024780,train
2886,1,MR024780G,MR024780,train
2887,1,MR024780G,MR024780,train
2888,1,MR024780G,MR024780,train
2889,1,MR024780G,MR024780,train
2890,1,MR024780G,MR024780,train
2891,1,MR050135B,MR050135,val
2892,1,MR050135B,MR050135,val
2893,1,MR050135B,MR050135,val
2894,1,MR050135B,MR050135,val
2895,1,MR050135B,MR050135,val
2896,1,MR050135B,MR050135,val
2897,1,MR050135B,MR050135,val
2898,1,MR050135B,MR050135,val
2899,1,MR050135B,MR050135,val
2900,1,MR050687,MR050687,train
2901,1,MR050687,MR050687,train
2902,1,MR050687,MR050687,train
2903,1,MR050687,MR050687,train
2904,1,MR050687,MR050687,train
2905,1,MR050687,MR050687,train
2906,1,MR050791B,MR050791,train
2907,1,MR050791B,MR050791,train
2908,1,MR050791B,MR050791,train
2909,1,MR050791B,MR050791,train
2910,1,MR050791B,MR050791,train
2911,1,MR050791B,MR050791,train
2912,1,MR050791B,MR050791,train
2913,1,MR050791B,MR050791,train
2914,1,MR049019C,MR049019,train
2915,1,MR049019C,MR049019,train
2916,1,MR049019C,MR049019,train
2917,1,MR049019C,MR049019,train
2918,1,MR051461,MR051461,train
2919,1,MR051461,MR051461,train
2920,1,MR051461,MR051461,train
2921,1,MR051461,MR051461,train
2922,1,MR051461,MR051461,train
2923,1,MR051461,MR051461,train
2924,1,MR051461,MR051461,train
2925,1,MR051586,MR051586,test
2926,1,MR051586,MR051586,test
2927,1,MR051586,MR051586,test
2928,1,MR051586,MR051586,test
2929,1,MR051586,MR051586,test
2930,1,MR051586,MR051586,test
2931,1,MR051586,MR051586,test
2932,1,MR051586,MR051586,test
2933,1,MR051586,MR051586,test
2934,1,MR051644,MR051644,val
2935,1,MR051644,MR051644,val
2936,1,MR051644,MR051644,val
2937,1,MR051644,MR051644,val
2938,1,MR051644,MR051644,val
2939,1,MR051644,MR051644,val
2940,1,MR051644,MR051644,val
2941,1,MR051644,MR051644,val
2942,1,MR051644,MR051644,val
2943,1,MR051644,MR051644,val
2944,1,MR051651,MR051651,train
2945,1,MR051651,MR051651,train
2946,1,MR051651,MR051651,train
2947,1,MR051651,MR051651,train
2948,1,MR051796,MR051796,test
2949,1,MR051796,MR051796,test
2950,1,MR051796,MR051796,test
2951,1,MR051796,MR051796,test
2952,1,MR051796,MR051796,test
2953,1,MR051796,MR051796,test
2954,1,MR051796,MR051796,test
2955,1,MR051651B,MR051651,train
2956,1,MR051651B,MR051651,train
2957,1,MR051651B,MR051651,train
2958,1,MR051651B,MR051651,train
2959,1,MR051651B,MR051651,train
2960,1,MR051651B,MR051651,train
2961,1,MR051644B,MR051644,val
2962,1,MR051644B,MR051644,val
2963,1,MR051644B,MR051644,val
2964,1,MR051644B,MR051644,val
2965,1,MR051644B,MR051644,val
2966,1,MR051644B,MR051644,val
2967,1,MR051644B,MR051644,val
2968,1,MR051644B,MR051644,val
2969,1,MR051644B,MR051644,val
2970,1,MR051796B,MR051796,test
2971,1,MR051796B,MR051796,test
2972,1,MR051796B,MR051796,test
2973,1,MR051796B,MR051796,test
2974,1,MR051796B,MR051796,test
2975,1,MR052550,MR052550,test
2976,1,MR052550,MR052550,test
2977,1,MR052550,MR052550,test
2978,1,MR052550,MR052550,test
2979,1,MR052550,MR052550,test
2980,1,MR052550,MR052550,test
2981,1,MR052550,MR052550,test
2982,1,MR052550,MR052550,test
2983,1,MR051644C,MR051644,val
2984,1,MR051644C,MR051644,val
2985,1,MR051644C,MR051644,val
2986,1,MR051644C,MR051644,val
2987,1,MR051644C,MR051644,val
2988,1,MR051644C,MR051644,val
2989,1,MR051644C,MR051644,val
2990,1,MR051644C,MR051644,val
2991,1,MR051644C,MR051644,val
2992,1,MR051644C,MR051644,val
2993,1,MR049942B,MR049942,train
2994,1,MR049942B,MR049942,train
2995,1,MR049942B,MR049942,train
2996,1,MR052585B,MR052585,train
2997,1,MR052585B,MR052585,train
2998,1,MR052585B,MR052585,train
2999,1,MR053110B,MR053110,train
3000,1,MR053110B,MR053110,train
3001,1,MR053110B,MR053110,train
3002,1,MR053110B,MR053110,train
3003,1,MR053110B,MR053110,train
3004,1,MR053110B,MR053110,train
3005,1,MR034694,MR034694,test
3006,1,MR034694,MR034694,test
3007,1,MR034694,MR034694,test
3008,1,MR034694,MR034694,test
3009,1,MR054875,MR054875,train
3010,1,MR054875,MR054875,train
3011,1,MR054875,MR054875,train
3012,1,MR054875,MR054875,train
3013,1,MR054875,MR054875,train
3014,1,MR050687C,MR050687,train
3015,1,MR050687C,MR050687,train
3016,1,MR050687C,MR050687,train
3017,1,MR050687C,MR050687,train
3018,1,MR050687C,MR050687,train
3019,1,MR050687C,MR050687,train
3020,1,MR056144,MR056144,train
3021,1,MR056144,MR056144,train
3022,1,MR034997,MR034997,train
3023,1,MR034997,MR034997,train
3024,1,MR034997,MR034997,train
3025,1,MR034997,MR034997,train
3026,1,MR034997,MR034997,train
3027,1,MR034997,MR034997,train
3028,1,MR034997,MR034997,train
3029,1,MR029209E,MR029209,train
3030,0,53669,53669,val
3031,1,MR033389B,MR033389,train
3032,1,MR033389B,MR033389,train
3033,1,MR033389B,MR033389,train
3034,1,MR033389B,MR033389,train
3035,1,MR033389B,MR033389,train
3036,1,MR033389B,MR033389,train
3037,1,MR033389B,MR033389,train
3038,1,MR033389B,MR033389,train
3039,1,MR024780E,MR024780,train
3040,1,MR024780E,MR024780,train
3041,1,MR024780E,MR024780,train
3042,1,MR040240C,MR040240,test
3043,1,MR040240C,MR040240,test
3044,1,MR040240C,MR040240,test
3045,1,MR040240C,MR040240,test
3046,1,MR040240C,MR040240,test
3047,1,MR040240D,MR040240,test
3048,1,MR040240D,MR040240,test
3049,1,MR017260F,MR017260,train
3050,1,MR017260F,MR017260,train
3051,1,MR017260F,MR017260,train
3052,1,MR017260F,MR017260,train
3053,1,MR017260F,MR017260,train
3054,1,MR017260F,MR017260,train
3055,1,MR017260F,MR017260,train
3056,1,MR029209I,MR029209,train
3057,1,MR029209I,MR029209,train
3058,1,MR029209I,MR029209,train
3059,1,MR029209I,MR029209,train
3060,1,MR029209I,MR029209,train
3061,1,MR029209I,MR029209,train
3062,1,MR029209I,MR029209,train
3063,0,95969,95969,train
3064,0,88510,88510,train
